Id,Price
11001,231079.52
11002,1462570.6
11003,1669609.1
11004,2232421.2
11005,2737072.0
11006,2512844.0
11007,4697614.5
11008,2447337.2
11009,512231.44
11010,1309141.1
11011,3431858.8
11012,2023400.1
11013,1574367.2
11014,2231253.0
11015,951952.44
11016,1131887.5
11017,3123077.5
11018,271764.66
11019,797214.5
11020,340394.75
11021,244706.84
11022,1103206.5
11023,201412.14
11024,418308.6
11025,1281874.1
11026,2802581.8
11027,1715179.0
11028,236910.67
11029,1050931.2
11030,1512678.0
11031,1004750.7
11032,808906.44
11033,1130550.0
11034,1434074.5
11035,1090073.9
11036,254306.98
11037,871542.2
11038,718599.4
11039,1128211.8
11040,1189310.9
11041,1874319.0
11042,352755.88
11043,1209560.5
11044,106785.23
11045,353410.06
11046,675990.94
11047,2437426.0
11048,1089888.2
11049,2258051.5
11050,1435849.4
11051,281386.5
11052,827589.2
11053,2565022.0
11054,1280721.4
11055,-9714.529
11056,1340201.1
11057,422948.97
11058,1480585.1
11059,222092.52
11060,1348816.5
11061,204293.44
11062,1167241.8
11063,1562634.6
11064,784890.94
11065,994029.1
11066,327691.16
11067,2644827.2
11068,1134420.9
11069,1212016.9
11070,1672318.4
11071,1673770.8
11072,2203847.0
11073,1178888.9
11074,2796157.0
11075,930777.44
11076,722300.94
11077,143077.92
11078,255995.98
11079,793191.5
11080,2381173.8
11081,549974.4
11082,825495.6
11083,1305083.8
11084,518885.22
11085,886325.75
11086,67093.086
11087,904232.9
11088,200558.28
11089,893599.44
11090,690668.1
11091,1998343.8
11092,2811871.8
11093,185230.03
11094,2850958.2
11095,1178888.9
11096,658459.0
11097,827589.2
11098,1517164.6
11099,1180070.1
11100,2347243.2
11101,1277282.6
11102,1236388.9
11103,249274.86
11104,1283583.6
11105,586330.5
11106,930777.44
11107,4332558.0
11108,259207.05
11109,2072603.5
11110,138235.02
11111,347015.94
11112,263342.4
11113,1913246.5
11114,5007890.0
11115,684278.1
11116,138211.22
11117,904147.25
11118,343447.94
11119,1926261.5
11120,1236983.6
11121,1211613.9
11122,691105.06
11123,93408.63
11124,3111395.2
11125,690235.56
11126,232880.95
11127,494247.8
11128,1027860.56
11129,1928055.6
11130,2143095.0
11131,561698.0
11132,559694.75
11133,201412.14
11134,2895942.8
11135,1028660.9
11136,287362.94
11137,262295.53
11138,1013248.3
11139,296599.3
11140,2721430.0
11141,1729245.1
11142,1239376.5
11143,1190063.4
11144,1951409.8
11145,952427.9
11146,1216688.8
11147,918004.56
11148,1299050.5
11149,1441117.8
11150,1088700.9
11151,1181444.4
11152,1896446.8
11153,4786376.5
11154,1913246.5
11155,1511816.4
11156,1189612.2
11157,28982.078
11158,1121820.6
11159,1194989.4
11160,930777.44
11161,827589.2
11162,1871899.2
11163,1199401.5
11164,1495955.4
11165,1288628.5
11166,2480158.2
11167,184287.69
11168,1230715.4
11169,1216471.0
11170,752933.75
11171,1719991.1
11172,1531383.1
11173,1035799.94
11174,2268830.8
11175,716735.25
11176,803877.94
11177,1131584.6
11178,2366609.8
11179,1495955.4
11180,1393572.6
11181,376326.6
11182,2194879.8
11183,1062459.8
11184,406254.06
11185,679238.6
11186,1361387.1
11187,46058.984
11188,893643.25
11189,516722.53
11190,970439.0
11191,1425097.0
11192,1235076.8
11193,2245018.8
11194,1227189.9
11195,300911.34
11196,308867.9
11197,800802.6
11198,3946568.2
11199,245405.55
11200,441318.78
11201,524919.4
11202,819024.1
11203,1140825.0
11204,2447380.0
11205,502865.9
11206,1005801.25
11207,1860073.5
11208,1437804.1
11209,927764.56
11210,751587.44
11211,1662542.9
11212,706507.3
11213,1556969.2
11214,1981216.9
11215,216356.23
11216,2109073.2
11217,1871573.2
11218,286515.1
11219,455288.12
11220,148959.55
11221,1708594.1
11222,1035799.94
11223,1904062.4
11224,1055397.2
11225,205385.05
11226,483181.8
11227,709699.9
11228,2348995.0
11229,1277649.0
11230,1301482.0
11231,1119935.2
11232,1235505.1
11233,1214564.1
11234,815500.9
11235,1275936.2
11236,2899189.0
11237,709699.9
11238,439080.25
11239,1587593.6
11240,434526.66
11241,1603268.0
11242,1076626.1
11243,1313846.5
11244,1366415.2
11245,4912943.0
11246,233515.23
11247,1425232.5
11248,1511816.4
11249,-17231.121
11250,1352540.6
11251,434602.44
11252,1187675.5
11253,1360200.9
11254,634470.1
11255,2791698.5
11256,1164984.2
11257,930777.44
11258,1051774.5
11259,129847.266
11260,2151750.5
11261,670413.56
11262,72371.85
11263,1203946.6
11264,931424.25
11265,136740.66
11266,873495.8
11267,413589.8
11268,244810.8
11269,1507390.4
11270,1288628.5
11271,634470.1
11272,1076910.9
11273,819928.94
11274,543333.75
11275,2204729.8
11276,355044.2
11277,171103.3
11278,1359221.6
11279,440092.6
11280,1210124.9
11281,1533436.6
11282,1948610.6
11283,987239.9
11284,1737090.0
11285,1258614.9
11286,779942.9
11287,1270974.0
11288,338946.2
11289,317590.25
11290,15357.403
11291,490237.97
11292,848938.8
11293,1884733.4
11294,1467489.2
11295,1178888.9
11296,1288628.5
11297,841355.44
11298,436733.1
11299,1618557.0
11300,97574.984
11301,596442.2
11302,3111395.2
11303,189602.45
11304,1489587.5
11305,2035286.5
11306,2496521.8
11307,134709.2
11308,1319600.0
11309,930777.44
11310,631731.2
11311,486198.9
11312,824748.5
11313,1122393.1
11314,893327.44
11315,910139.4
11316,1189612.2
11317,863193.2
11318,804744.9
11319,2260232.0
11320,1844567.8
11321,1145352.6
11322,4122341.8
11323,1374701.5
11324,1866310.4
11325,1252808.4
11326,1673770.8
11327,506777.0
11328,1023620.9
11329,1025181.6
11330,473107.16
11331,1245589.6
11332,334165.28
11333,982713.0
11334,1905700.5
11335,3012225.8
11336,1107741.0
11337,941049.2
11338,2035286.5
11339,798803.3
11340,1912354.9
11341,1739625.5
11342,624742.9
11343,806512.1
11344,874613.3
11345,93319.89
11346,2921483.2
11347,256929.61
11348,2032138.4
11349,930777.44
11350,1419678.2
11351,275121.88
11352,185975.89
11353,1357681.2
11354,1651188.5
11355,1184462.5
11356,1261184.8
11357,815500.9
11358,1851771.2
11359,225816.9
11360,784621.1
11361,459693.06
11362,1216952.1
11363,2246184.2
11364,9381.673
11365,847884.2
11366,1524537.8
11367,1236983.6
11368,1236983.6
11369,334572.8
11370,915279.5
11371,533030.7
11372,1945061.1
11373,2156314.0
11374,520655.1
11375,406489.1
11376,521051.03
11377,1809584.0
11378,1470486.4
11379,1235076.8
11380,307556.2
11381,878723.56
11382,189422.25
11383,894961.6
11384,516154.25
11385,312334.06
11386,1508414.2
11387,1744594.2
11388,1407496.6
11389,483011.34
11390,1092908.9
11391,1140164.1
11392,1263972.5
11393,210015.88
11394,930777.44
11395,737484.9
11396,1254156.1
11397,1438732.5
11398,1510832.6
11399,1216471.0
11400,620498.4
11401,2204729.8
11402,1209920.2
11403,235965.12
11404,1243874.8
11405,419789.7
11406,1127341.1
11407,1269082.2
11408,2126745.5
11409,319850.16
11410,98985.25
11411,2107888.5
11412,1221509.9
11413,2543045.2
11414,756107.1
11415,1439568.8
11416,1958420.9
11417,1513353.4
11418,1410222.4
11419,1236983.6
11420,1729219.1
11421,310888.66
11422,201973.08
11423,1335544.9
11424,709865.0
11425,230725.6
11426,661814.5
11427,930777.44
11428,1040969.56
11429,264046.56
11430,910295.75
11431,1360200.9
11432,444555.16
11433,1203656.0
11434,2452773.2
11435,1109746.8
11436,779962.6
11437,1231938.8
11438,49049.707
11439,2381142.2
11440,4427030.5
11441,97774.01
11442,1789587.5
11443,1531383.1
11444,338590.3
11445,642791.3
11446,2352213.2
11447,80930.305
11448,843921.8
11449,1004617.25
11450,247013.9
11451,1216471.0
11452,1071256.5
11453,136930.33
11454,221646.02
11455,2273652.8
11456,172837.53
11457,858860.2
11458,1116201.1
11459,930777.44
11460,1278786.8
11461,672528.6
11462,217605.33
11463,1134346.9
11464,1236983.6
11465,2215515.2
11466,-53821.633
11467,1010210.75
11468,-13053.551
11469,2034737.2
11470,1863643.4
11471,2532129.0
11472,2522719.0
11473,92713.85
11474,2072013.0
11475,1063116.8
11476,1996263.4
11477,704310.9
11478,428186.06
11479,1121820.6
11480,2165293.2
11481,621770.94
11482,1349641.9
11483,2242090.8
11484,1673770.8
11485,298001.72
11486,880259.5
11487,1094934.2
11488,167931.73
11489,2220025.2
11490,353630.28
11491,434639.72
11492,1694197.9
11493,1349275.5
11494,2904148.5
11495,1857354.6
11496,1298474.2
11497,817506.8
11498,176878.44
11499,373554.34
11500,2395678.8
11501,425730.1
11502,2042426.2
11503,650237.1
11504,299108.8
11505,487507.97
11506,841355.44
11507,469832.2
11508,2076151.2
11509,998306.44
11510,1304853.5
11511,1091503.8
11512,1926261.5
11513,941049.2
11514,349406.1
11515,167733.72
11516,1210118.0
11517,1082877.1
11518,2756872.5
11519,445908.25
11520,1045187.5
11521,3985441.5
11522,1256189.9
11523,1057888.6
11524,827589.2
11525,131325.55
11526,827589.2
11527,292870.7
11528,767759.06
11529,1210124.9
11530,1396438.0
11531,244276.94
11532,1210124.9
11533,87562.51
11534,221646.02
11535,827589.2
11536,1483906.0
11537,313736.22
11538,1026968.4
11539,212136.92
11540,865697.1
11541,930777.44
11542,2028347.5
11543,1057381.4
11544,233793.83
11545,254269.8
11546,2812046.0
11547,1194738.1
11548,1102899.9
11549,41738.25
11550,963371.2
11551,743645.25
11552,990673.9
11553,1384833.4
11554,1940657.8
11555,98118.69
11556,357914.34
11557,1913246.5
11558,339555.2
11559,255377.58
11560,2447380.0
11561,283994.25
11562,989986.94
11563,636766.25
11564,129495.09
11565,450253.8
11566,900576.94
11567,1521098.9
11568,323033.84
11569,1445929.1
11570,229522.7
11571,621984.44
11572,1303790.0
11573,1270130.5
11574,1727627.4
11575,1533014.8
11576,93319.89
11577,147234.67
11578,2961132.2
11579,723966.44
11580,2658199.5
11581,355274.1
11582,493495.75
11583,1263972.5
11584,930777.44
11585,152465.5
11586,2130421.5
11587,189989.39
11588,1904062.4
11589,872071.56
11590,1717918.0
11591,532679.8
11592,190566.52
11593,1620817.5
11594,1321237.9
11595,1919008.5
11596,1521793.4
11597,2810553.5
11598,1096528.2
11599,1020777.25
11600,728893.2
11601,1400114.9
11602,1158438.5
11603,250077.33
11604,-9557.731
11605,217353.48
11606,2619717.0
11607,767413.94
11608,1448174.4
11609,1919795.9
11610,1360991.4
11611,1609276.8
11612,1125053.0
11613,1271807.9
11614,2551826.2
11615,1221768.9
11616,1382041.8
11617,1215876.2
11618,1788028.2
11619,457151.6
11620,372805.44
11621,1338189.2
11622,1232634.4
11623,1203946.6
11624,827589.2
11625,1370735.9
11626,2009003.9
11627,2429844.8
11628,858625.56
11629,661647.0
11630,170353.66
11631,930777.44
11632,930777.44
11633,539223.25
11634,813400.1
11635,906498.25
11636,193928.55
11637,1727904.8
11638,2006392.9
11639,4431906.5
11640,1565006.4
11641,86362.32
11642,2265868.0
11643,454081.0
11644,1128879.2
11645,1056505.6
11646,1176887.6
11647,248190.08
11648,1418147.2
11649,267905.4
11650,2117234.0
11651,827589.2
11652,1080494.2
11653,315307.97
11654,1038812.06
11655,166521.23
11656,171628.67
11657,1200034.2
11658,1916644.9
11659,2246817.8
11660,1385612.8
11661,2811871.8
11662,1713389.2
11663,1286136.6
11664,1607438.9
11665,251252.3
11666,1673770.8
11667,1825276.9
11668,1758209.9
11669,2501379.8
11670,806974.25
11671,25079.47
11672,316761.84
11673,141361.33
11674,1495955.4
11675,850596.9
11676,32212.844
11677,193336.92
11678,1881614.6
11679,1216471.0
11680,2276056.0
11681,750020.25
11682,825607.3
11683,1020136.7
11684,827589.2
11685,745622.2
11686,992576.7
11687,1383585.1
11688,1665119.1
11689,1294378.0
11690,1245589.6
11691,1052264.2
11692,15181.208
11693,819928.94
11694,1141519.1
11695,278761.72
11696,1360200.9
11697,2774861.5
11698,519712.1
11699,1758262.9
11700,459693.06
11701,3202249.0
11702,1224986.1
11703,3903217.0
11704,1658551.5
11705,702300.44
11706,2791698.5
11707,1186003.1
11708,1442400.8
11709,2111838.2
11710,931204.06
11711,1461006.8
11712,1194442.0
11713,2491030.8
11714,1494023.1
11715,4484392.5
11716,1057594.0
11717,2895942.8
11718,1158106.6
11719,993682.2
11720,1243479.4
11721,2591620.8
11722,408484.06
11723,1287010.8
11724,1287092.5
11725,134709.2
11726,1224986.1
11727,936292.2
11728,1521793.4
11729,117849.13
11730,1521793.4
11731,278828.16
11732,1811380.8
11733,24233.24
11734,1449586.9
11735,301857.53
11736,29327.516
11737,953858.75
11738,3536056.5
11739,246935.38
11740,1227593.5
11741,276375.47
11742,865325.94
11743,1453891.0
11744,1593182.9
11745,3226789.2
11746,1574367.2
11747,204802.3
11748,1143448.4
11749,303954.2
11750,415423.84
11751,1404698.8
11752,1018286.25
11753,2381170.5
11754,2107888.5
11755,930777.44
11756,1481658.0
11757,1177620.8
11758,1904062.4
11759,1039272.25
11760,254798.73
11761,798803.3
11762,1913246.5
11763,258638.05
11764,803110.56
11765,756042.7
11766,2031198.4
11767,793440.3
11768,1768037.5
11769,749539.5
11770,70363.33
11771,305967.4
11772,109557.54
11773,1949087.9
11774,222092.52
11775,1298662.9
11776,2443251.2
11777,113637.93
11778,2009743.4
11779,947688.5
11780,936914.7
11781,1896446.8
11782,367880.0
11783,1350857.6
11784,1446364.0
11785,731150.44
11786,1753179.0
11787,1456834.4
11788,1752610.2
11789,636164.4
11790,1286136.6
11791,409216.66
11792,967134.1
11793,794358.9
11794,212951.36
11795,1323377.9
11796,160487.6
11797,1119819.5
11798,73636.125
11799,1187677.0
11800,257097.17
11801,1309427.6
11802,48294.14
11803,1137208.0
11804,1538871.5
11805,827589.2
11806,807587.75
11807,528637.56
11808,2150896.8
11809,1404527.5
11810,1395217.5
11811,1091869.0
11812,1288628.5
11813,1199401.5
11814,512869.7
11815,938460.1
11816,637364.56
11817,458279.3
11818,1475933.5
11819,974232.75
11820,1913246.5
11821,2778640.8
11822,1246977.2
11823,2380085.2
11824,1393441.4
11825,2238111.2
11826,1461123.0
11827,1380792.4
11828,756042.7
11829,1226298.2
11830,2059063.4
11831,848804.1
11832,1734414.1
11833,741646.44
11834,319526.62
11835,1526212.6
11836,705265.3
11837,1248254.9
11838,935196.25
11839,2156269.5
11840,231488.95
11841,2019679.9
11842,4456966.0
11843,1286412.2
11844,2969965.5
11845,1852443.2
11846,917583.6
11847,3012225.8
11848,1574952.5
11849,275121.88
11850,144989.08
11851,1216471.0
11852,1236983.6
11853,1123280.9
11854,1215718.9
11855,1825276.9
11856,322268.03
11857,1452542.1
11858,1291869.2
11859,211016.86
11860,1168310.4
11861,1913246.5
11862,3588291.0
11863,1018043.56
11864,374202.97
11865,1210124.9
11866,657431.5
11867,1252914.6
11868,261230.86
11869,672855.25
11870,2010659.6
11871,2381475.5
11872,1816807.6
11873,723966.44
11874,744107.7
11875,1191380.6
11876,3550453.0
11877,1303092.5
11878,1402975.6
11879,1077074.5
11880,341827.0
11881,943131.25
11882,264518.5
11883,1581691.5
11884,244810.8
11885,905225.3
11886,714744.6
11887,1191380.6
11888,819072.94
11889,672855.25
11890,2578435.2
11891,961148.25
11892,1446352.5
11893,244213.55
11894,1326225.4
11895,1348816.5
11896,1036623.3
11897,604016.8
11898,801936.1
11899,1256936.1
11900,1476624.4
11901,1617011.2
11902,791011.44
11903,2132564.5
11904,451237.84
11905,1253754.6
11906,2450857.5
11907,831872.44
11908,500059.1
11909,1359874.9
11910,919011.0
11911,2459471.5
11912,793440.3
11913,403516.2
11914,1278188.4
11915,368389.22
11916,1051975.8
11917,766587.9
11918,232880.95
11919,1216471.0
11920,2103145.0
11921,749267.2
11922,499486.38
11923,1224986.1
11924,570092.2
11925,1182946.6
11926,877102.8
11927,199102.45
11928,211449.95
11929,1284485.1
11930,313065.75
11931,1735142.5
11932,1260642.1
11933,319594.1
11934,807479.94
11935,1200034.2
11936,1503787.2
11937,1452555.8
11938,1250461.4
11939,827589.2
11940,1033787.7
11941,1550518.0
11942,1495955.4
11943,280729.72
11944,1891269.5
11945,1418574.4
11946,485641.06
11947,1762850.9
11948,663878.25
11949,258558.2
11950,2837242.0
11951,3734468.0
11952,2992429.5
11953,1324054.1
11954,1656609.6
11955,1291480.4
11956,1324042.2
11957,540019.94
11958,1094703.8
11959,1443275.9
11960,311590.34
11961,2097340.0
11962,345198.47
11963,92548.195
11964,2078250.5
11965,167017.58
11966,298684.53
11967,1302026.0
11968,2565022.0
11969,959959.94
11970,122468.57
11971,265729.7
11972,827589.2
11973,1341043.1
11974,3111395.2
11975,523414.22
11976,-6148.317
11977,1594880.5
11978,2796267.5
11979,429845.22
11980,1888305.2
11981,2691435.0
11982,151825.38
11983,1940657.8
11984,331637.66
11985,215116.88
11986,2565022.0
11987,1183251.4
11988,1342173.2
11989,1781159.5
11990,2732935.5
11991,330308.3
11992,293580.28
11993,941945.7
11994,1355631.2
11995,1913246.5
11996,1970297.5
11997,2553794.2
11998,397136.25
11999,2013388.6
12000,136930.33
12001,1356721.0
12002,407574.84
12003,981151.8
12004,1441902.0
12005,1250461.4
12006,2933465.5
12007,1043057.1
12008,-23621.533
12009,768239.94
12010,1201096.9
12011,2904148.5
12012,712203.44
12013,1954751.5
12014,158512.58
12015,1575096.6
12016,520992.9
12017,2370545.8
12018,706507.3
12019,317759.72
12020,1641014.2
12021,2430777.8
12022,66532.56
12023,4344101.5
12024,1005070.1
12025,1292153.2
12026,555336.1
12027,3550453.0
12028,1250461.4
12029,1133018.8
12030,284530.25
12031,1648597.4
12032,426922.53
12033,846135.9
12034,380397.22
12035,1359376.0
12036,2485064.2
12037,2859190.0
12038,767759.06
12039,1886295.5
12040,1299316.0
12041,1590120.1
12042,1368005.2
12043,392152.47
12044,827589.2
12045,1075894.8
12046,2213812.0
12047,699474.56
12048,893327.44
12049,930777.44
12050,663972.94
12051,1288856.2
12052,31715.607
12053,1913246.5
12054,2047555.0
12055,1784660.4
12056,636324.0
12057,1011618.0
12058,893327.44
12059,106475.08
12060,1210118.0
12061,379765.34
12062,1144355.2
12063,286715.16
12064,385980.2
12065,1156779.4
12066,-10819.469
12067,895770.7
12068,396685.1
12069,662136.1
12070,1497424.6
12071,1523537.2
12072,1362521.8
12073,885506.56
12074,877836.3
12075,796584.3
12076,1696221.1
12077,2764586.2
12078,297511.5
12079,409865.9
12080,786023.4
12081,1299050.5
12082,795196.6
12083,3881503.8
12084,2199963.8
12085,1456917.8
12086,877151.44
12087,411759.8
12088,531993.7
12089,4484392.5
12090,1848040.4
12091,827589.2
12092,1635199.8
12093,982154.0
12094,1165348.4
12095,589913.6
12096,1800436.2
12097,109909.79
12098,5016320.0
12099,2693559.8
12100,942974.2
12101,705926.94
12102,1868119.8
12103,1194560.6
12104,191581.56
12105,702872.8
12106,1696221.1
12107,1632555.5
12108,303726.4
12109,3955838.2
12110,762216.0
12111,827589.2
12112,265263.16
12113,415676.12
12114,360245.8
12115,1164597.4
12116,1222548.6
12117,2855204.5
12118,1993358.8
12119,1245530.4
12120,1495955.4
12121,1054372.2
12122,219476.52
12123,1345034.4
12124,138238.2
12125,352835.47
12126,1049677.1
12127,1453354.5
12128,1673770.8
12129,173805.58
12130,1503866.5
12131,1742023.6
12132,1604575.0
12133,1728446.6
12134,171076.08
12135,1333186.6
12136,2045546.4
12137,1041540.3
12138,1035799.94
12139,1245610.0
12140,333186.38
12141,1486031.9
12142,1995613.1
12143,1770850.6
12144,407868.66
12145,1288628.5
12146,1586885.9
12147,492771.22
12148,1279870.0
12149,1238102.2
12150,1876401.0
12151,827589.2
12152,386818.3
12153,2247745.2
12154,164778.83
12155,307871.78
12156,783935.25
12157,1380792.4
12158,2954301.8
12159,1251614.2
12160,81991.64
12161,1095920.9
12162,240212.64
12163,219782.73
12164,370934.9
12165,1039272.25
12166,402006.53
12167,1484320.8
12168,2379087.2
12169,1602951.2
12170,1265195.4
12171,347954.38
12172,267845.78
12173,1126793.2
12174,314659.3
12175,131450.48
12176,1379528.4
12177,472045.1
12178,2152805.5
12179,1258611.4
12180,1678911.0
12181,1618481.5
12182,709699.9
12183,1656783.8
12184,1226298.2
12185,827589.2
12186,2530326.0
12187,1898936.2
12188,361983.75
12189,512372.62
12190,241582.3
12191,2135157.0
12192,388542.5
12193,1318039.8
12194,1375783.4
12195,2423159.5
12196,1400396.4
12197,1406211.2
12198,2786612.2
12199,2268830.8
12200,1963006.9
12201,2935095.0
12202,38629.5
12203,507588.6
12204,1495955.4
12205,1281977.9
12206,2449108.2
12207,1448326.9
12208,1254380.6
12209,1309803.8
12210,2165293.2
12211,2992429.5
12212,930777.44
12213,1118379.9
12214,2543045.2
12215,552921.8
12216,1791119.4
12217,1333258.6
12218,1468708.1
12219,2992429.5
12220,2804542.0
12221,1905881.9
12222,884361.44
12223,1205894.2
12224,1253041.9
12225,2134533.5
12226,217660.83
12227,1439471.9
12228,1581060.0
12229,1216471.0
12230,4645964.0
12231,827589.2
12232,1532895.9
12233,1389547.0
12234,1476124.4
12235,1424697.6
12236,1419678.2
12237,796639.3
12238,1281688.2
12239,1635199.8
12240,1281697.4
12241,2537587.2
12242,1890115.9
12243,1958191.1
12244,1382263.6
12245,1047489.9
12246,693847.8
12247,1042305.3
12248,1001335.3
12249,230774.27
12250,1286136.6
12251,388106.53
12252,736500.06
12253,480618.9
12254,1662093.6
12255,265729.7
12256,1065816.0
12257,1214641.8
12258,1130342.4
12259,159905.98
12260,31670.797
12261,2697241.0
12262,1158106.6
12263,1252501.0
12264,819568.25
12265,827589.2
12266,784621.1
12267,791599.2
12268,55981.41
12269,279026.0
12270,1539564.5
12271,1324968.0
12272,912467.94
12273,1863537.4
12274,3012225.8
12275,1189553.0
12276,274716.38
12277,1351734.1
12278,256669.5
12279,1341980.0
12280,213528.83
12281,2774861.5
12282,2006392.9
12283,491658.94
12284,358545.9
12285,1525302.9
12286,940959.7
12287,1854591.0
12288,683855.7
12289,827529.94
12290,262212.5
12291,1556969.2
12292,1246957.0
12293,778274.4
12294,2407813.0
12295,1209089.1
12296,827589.2
12297,444446.62
12298,1258086.8
12299,698949.9
12300,150417.67
12301,512865.38
12302,353828.0
12303,492473.12
12304,128200.734
12305,654485.56
12306,1057381.4
12307,348633.84
12308,1521793.4
12309,2926449.8
12310,647418.25
12311,1102036.5
12312,842106.44
12313,1250461.4
12314,1221179.8
12315,1576860.9
12316,2289604.8
12317,1455672.8
12318,2166547.0
12319,86366.17
12320,300604.16
12321,1256189.9
12322,625313.7
12323,899624.44
12324,365308.06
12325,1541754.5
12326,1902018.6
12327,910040.06
12328,1245733.4
12329,928735.0
12330,2290995.2
12331,677862.6
12332,201973.08
12333,1405320.2
12334,1606907.2
12335,1562404.1
12336,-3427.215
12337,280267.44
12338,735672.6
12339,917583.6
12340,1014599.3
12341,1189634.0
12342,335314.8
12343,1581872.0
12344,636504.9
12345,292417.2
12346,317862.03
12347,191378.31
12348,92078.82
12349,1178888.9
12350,1859581.5
12351,1777675.4
12352,1266804.2
12353,2434285.8
12354,1512085.5
12355,2824843.5
12356,567802.7
12357,298140.47
12358,864499.25
12359,281386.5
12360,2003412.6
12361,300209.03
12362,1803271.9
12363,1202291.0
12364,117518.01
12365,871435.3
12366,1374394.4
12367,293422.25
12368,142120.27
12369,319006.7
12370,1539302.1
12371,92078.82
12372,2381173.8
12373,504638.47
12374,373710.28
12375,2290807.5
12376,1484755.5
12377,930777.44
12378,1710975.6
12379,1904097.5
12380,1236983.6
12381,1462570.6
12382,1216471.0
12383,312334.06
12384,897897.75
12385,1620970.5
12386,284738.47
12387,903979.2
12388,221932.97
12389,2121329.8
12390,2103145.0
12391,1308838.1
12392,-10951.156
12393,1240612.8
12394,2085557.2
12395,1200034.2
12396,1654968.8
12397,33851.453
12398,55115.484
12399,2618643.0
12400,1878539.0
12401,1238550.4
12402,441408.5
12403,382339.97
12404,1710163.0
12405,1966704.4
12406,674658.3
12407,1237165.8
12408,1189310.9
12409,1442826.2
12410,1058216.4
12411,699899.4
12412,395144.97
12413,1553078.9
12414,238843.64
12415,821442.75
12416,1520351.0
12417,329586.62
12418,511805.72
12419,4024824.8
12420,1276067.2
12421,1386536.9
12422,521933.16
12423,100045.66
12424,1345382.0
12425,244098.1
12426,1750463.6
12427,1528633.1
12428,2381074.8
12429,501393.03
12430,1210065.6
12431,808610.5
12432,999396.94
12433,1410364.2
12434,1190063.4
12435,1769381.6
12436,867203.56
12437,4949244.0
12438,1279741.5
12439,210849.75
12440,300852.53
12441,1319825.6
12442,1109215.5
12443,730157.06
12444,299104.75
12445,93319.89
12446,1605184.4
12447,212432.4
12448,1131584.6
12449,222466.3
12450,559634.56
12451,1774845.8
12452,827589.2
12453,2150896.8
12454,1518499.6
12455,643661.44
12456,807479.94
12457,3240524.2
12458,2006392.9
12459,1693348.0
12460,1204849.9
12461,2418141.2
12462,810737.4
12463,207543.55
12464,102425.01
12465,349724.22
12466,1405320.2
12467,4418969.5
12468,736114.56
12469,2961132.2
12470,2491030.8
12471,1793526.9
12472,237491.05
12473,1039272.25
12474,548696.44
12475,362920.0
12476,636504.9
12477,930777.44
12478,1246957.0
12479,72453.49
12480,1651571.9
12481,865697.1
12482,3111395.2
12483,4966154.0
12484,717696.56
12485,353881.16
12486,2430290.0
12487,2508674.8
12488,4362770.0
12489,1533436.6
12490,1618481.5
12491,982154.0
12492,508099.12
12493,7708988.5
12494,1389097.8
12495,1891269.5
12496,1172101.0
12497,2925665.0
12498,2459471.5
12499,448098.88
12500,827589.2
12501,2447124.2
12502,484204.94
12503,1533233.6
12504,1913246.5
12505,17324.96
12506,1447361.5
12507,722484.7
12508,3544486.5
12509,2360940.2
12510,1217274.0
12511,1545806.1
12512,136740.66
12513,506894.7
12514,704717.75
12515,1288628.5
12516,1031174.2
12517,1175843.5
12518,1548510.0
12519,1742022.6
12520,721586.8
12521,87562.51
12522,1667698.6
12523,809957.06
12524,804672.06
12525,74198.55
12526,474281.53
12527,370090.94
12528,2290452.5
12529,158957.89
12530,712884.75
12531,664712.94
12532,322935.06
12533,2447380.0
12534,2150896.8
12535,102011.484
12536,5327947.0
12537,1889666.1
12538,1574367.2
12539,113381.51
12540,1216471.0
12541,714393.4
12542,1014888.8
12543,1468723.6
12544,1421981.8
12545,1650493.0
12546,990627.4
12547,885458.2
12548,811908.0
12549,2481236.2
12550,26421.953
12551,2437426.0
12552,2452773.2
12553,380848.53
12554,142120.27
12555,1724751.0
12556,641365.6
12557,1545021.6
12558,536737.25
12559,1423622.4
12560,2158061.8
12561,1063039.6
12562,767759.06
12563,1536121.8
12564,1919795.9
12565,216636.11
12566,1189693.2
12567,674939.94
12568,1119819.5
12569,2565022.0
12570,942912.2
12571,724172.1
12572,1028660.9
12573,894059.4
12574,2721430.0
12575,1783013.8
12576,345406.0
12577,948017.2
12578,1123545.1
12579,666687.25
12580,138211.22
12581,83074.055
12582,3531515.5
12583,442907.72
12584,926379.44
12585,270635.47
12586,1873977.8
12587,811908.0
12588,1985129.8
12589,294446.94
12590,999396.94
12591,1972946.0
12592,570987.44
12593,1054676.5
12594,1408781.6
12595,24233.24
12596,337896.78
12597,2447337.2
12598,410502.34
12599,329051.7
12600,262942.0
12601,811797.94
12602,918018.44
12603,739530.94
12604,1116153.8
12605,871560.6
12606,969037.06
12607,1783013.8
12608,2373045.5
12609,1626618.0
12610,153948.94
12611,357376.34
12612,1556466.6
12613,1550518.0
12614,327732.56
12615,1395312.8
12616,2200830.5
12617,1556969.2
12618,811848.75
12619,300852.53
12620,943896.4
12621,236447.83
12622,986626.3
12623,1305083.8
12624,333406.5
12625,776615.2
12626,1448628.9
12627,1269580.8
12628,1369354.2
12629,1635443.2
12630,724381.5
12631,2156314.0
12632,464803.25
12633,488526.2
12634,1178888.9
12635,828194.4
12636,1783013.8
12637,67082.414
12638,407574.84
12639,3491307.0
12640,1177930.9
12641,1784776.8
12642,757068.6
12643,1719220.0
12644,289600.94
12645,2804051.8
12646,1139099.1
12647,888727.4
12648,1904097.5
12649,1492302.2
12650,900735.9
12651,1210124.9
12652,930777.44
12653,1194836.2
12654,1198611.1
12655,226924.39
12656,1010210.75
12657,805239.4
12658,1203955.5
12659,10472.585
12660,265968.12
12661,565951.6
12662,415676.12
12663,2204729.8
12664,2203847.0
12665,1876873.2
12666,1402628.9
12667,1428781.4
12668,977280.3
12669,1595431.9
12670,1518936.9
12671,58588.684
12672,1216688.8
12673,1667700.1
12674,443993.9
12675,2183282.5
12676,303726.4
12677,134979.36
12678,1224986.1
12679,1032430.7
12680,2837242.0
12681,1962405.2
12682,714393.4
12683,3111395.2
12684,1392139.5
12685,249192.23
12686,1150404.4
12687,245287.11
12688,1196182.2
12689,1217592.1
12690,136033.33
12691,1365256.6
12692,1252412.0
12693,827589.2
12694,218652.64
12695,4496545.5
12696,1195341.0
12697,94837.305
12698,1431523.0
12699,775428.6
12700,823006.75
12701,-15537.141
12702,748721.4
12703,1210124.9
12704,2707033.5
12705,101031.586
12706,2980417.0
12707,793856.7
12708,2147707.8
12709,353402.94
12710,1242212.9
12711,1321795.6
12712,930777.44
12713,2413460.5
12714,267635.88
12715,39445.0
12716,274462.34
12717,805343.7
12718,328132.47
12719,1364710.9
12720,623795.94
12721,331814.62
12722,2459471.5
12723,706507.3
12724,2132564.5
12725,219118.97
12726,829904.75
12727,410060.1
12728,403396.03
12729,1457311.1
12730,636504.9
12731,787093.56
12732,1263972.5
12733,2452773.2
12734,1865810.5
12735,241139.33
12736,842106.44
12737,1458522.0
12738,2003126.4
12739,1178888.9
12740,1035799.94
12741,1500757.5
12742,1810880.6
12743,893327.44
12744,1481091.2
12745,2981201.8
12746,1653893.2
12747,1370027.5
12748,1183251.4
12749,19078.6
12750,253465.84
12751,821546.25
12752,1501718.9
12753,136740.66
12754,1264296.0
12755,768926.2
12756,1528329.6
12757,395643.84
12758,-19018.637
12759,1881868.6
12760,982905.25
12761,1958191.1
12762,352110.53
12763,657786.9
12764,822658.3
12765,399866.78
12766,2030241.4
12767,1299668.1
12768,903899.5
12769,1260883.4
12770,270309.8
12771,1175843.5
12772,2492230.0
12773,842448.7
12774,2837242.0
12775,201412.14
12776,303984.72
12777,-7895.671
12778,1905399.6
12779,778401.6
12780,1178888.9
12781,423571.16
12782,1205909.6
12783,225795.6
12784,275584.66
12785,1691827.4
12786,1250967.4
12787,1216471.0
12788,321454.56
12789,1273573.5
12790,1067145.0
12791,1645909.9
12792,1628018.2
12793,493192.34
12794,949814.9
12795,3078580.2
12796,1390879.2
12797,916908.7
12798,334101.4
12799,2449108.2
12800,859033.0
12801,1235054.1
12802,848495.5
12803,1132087.9
12804,1451729.6
12805,1018302.75
12806,1565708.0
12807,1314686.9
12808,1655212.9
12809,1263972.5
12810,97774.01
12811,508439.94
12812,134709.2
12813,52696.824
12814,262942.0
12815,1111570.9
12816,717065.2
12817,913560.6
12818,707904.7
12819,698521.0
12820,1200651.9
12821,1708594.1
12822,1531383.1
12823,2239315.2
12824,2239315.2
12825,2058619.2
12826,1588087.4
12827,1702299.2
12828,1428945.8
12829,1050702.6
12830,2837242.0
12831,523239.06
12832,398521.12
12833,1160539.6
12834,1919795.9
12835,1471033.1
12836,493192.34
12837,1812224.4
12838,839239.06
12839,92703.62
12840,714339.5
12841,1020777.25
12842,368840.06
12843,948526.94
12844,827589.2
12845,371336.03
12846,1152918.6
12847,244810.8
12848,1359924.2
12849,202805.58
12850,1403871.1
12851,776870.0
12852,1102093.8
12853,848199.2
12854,1210124.9
12855,715175.4
12856,1757795.6
12857,242876.55
12858,303726.4
12859,1182141.6
12860,412955.84
12861,2209276.2
12862,1456834.4
12863,207419.95
12864,297430.62
12865,1110675.2
12866,319124.28
12867,329051.7
12868,409862.06
12869,4748421.5
12870,1316883.0
12871,334572.8
12872,1377028.6
12873,2427085.8
12874,781734.56
12875,1176014.2
12876,1221920.0
12877,1405275.5
12878,67082.414
12879,1646389.6
12880,319137.34
12881,852681.56
12882,1270974.0
12883,1484320.9
12884,2290807.5
12885,169501.42
12886,1924217.4
12887,693622.3
12888,155784.73
12889,3123077.5
12890,1054867.4
12891,105115.9
12892,210579.27
12893,187015.89
12894,1643448.0
12895,1844284.0
12896,307794.06
12897,252479.48
12898,38629.5
12899,795196.6
12900,1934564.9
12901,4756851.5
12902,793440.3
12903,744619.8
12904,354843.9
12905,307871.78
12906,2747332.0
12907,810737.4
12908,1181290.0
12909,1284485.1
12910,930777.44
12911,1825669.2
12912,2059063.4
12913,549531.0
12914,347159.84
12915,1149066.4
12916,2087096.4
12917,1171502.8
12918,1210124.9
12919,313736.22
12920,674101.0
12921,1254883.6
12922,74522.57
12923,1388022.6
12924,2183282.5
12925,1497795.5
12926,61774.934
12927,895146.56
12928,495726.56
12929,1413488.5
12930,2223546.8
12931,2140687.5
12932,767759.06
12933,972915.1
12934,2510131.8
12935,1788022.9
12936,2813296.5
12937,612681.7
12938,1701052.2
12939,1909054.1
12940,200592.61
12941,285025.38
12942,1887705.9
12943,2465113.2
12944,549094.7
12945,1767292.0
12946,2956158.2
12947,413450.88
12948,48949.047
12949,892515.5
12950,1988730.1
12951,1286136.6
12952,223443.2
12953,685329.8
12954,811209.3
12955,1270974.0
12956,501873.78
12957,1783147.4
12958,2831781.2
12959,2200933.2
12960,149578.66
12961,1374271.1
12962,87562.51
12963,1450650.1
12964,179850.98
12965,1263972.5
12966,1184462.5
12967,1531383.1
12968,835950.8
12969,97774.01
12970,84332.79
12971,204096.55
12972,305956.12
12973,838312.44
12974,244645.94
12975,160490.48
12976,169505.2
12977,1375783.4
12978,2344385.0
12979,1708594.1
12980,355928.5
12981,360546.7
12982,1225294.9
12983,1473988.8
12984,1021403.7
12985,531237.4
12986,-27323.096
12987,459693.06
12988,1178888.9
12989,392529.75
12990,1239932.2
12991,1268887.5
12992,1490887.1
12993,1181521.5
12994,1498383.1
12995,106708.05
12996,542005.4
12997,1448794.1
12998,1283208.8
12999,1634145.5
13000,244213.55
13001,1169834.2
13002,1079350.0
13003,3583.6155
13004,151743.48
13005,555336.1
13006,27955.156
13007,1701593.9
13008,2135000.8
13009,2117264.2
13010,1302865.2
13011,162631.34
13012,930777.44
13013,804967.06
13014,309265.2
13015,838222.9
13016,1955656.6
13017,1226893.0
13018,640806.44
13019,567216.25
13020,288881.84
13021,128200.734
13022,16407.715
13023,1701052.2
13024,1520533.5
13025,1726391.5
13026,1448174.4
13027,1105122.5
13028,1148491.2
13029,1157030.4
13030,930777.44
13031,1478564.1
13032,499856.25
13033,727017.7
13034,283994.25
13035,1032799.06
13036,888286.06
13037,1328603.2
13038,1977257.2
13039,401273.97
13040,1457101.2
13041,1439.8615
13042,1889698.8
13043,1253163.8
13044,3810889.5
13045,1466761.1
13046,1495968.1
13047,638053.94
13048,1965037.6
13049,1263972.5
13050,2528607.5
13051,172275.28
13052,2170861.2
13053,1628835.5
13054,962351.8
13055,173911.08
13056,1438732.5
13057,1897958.6
13058,1048209.1
13059,-46392.16
13060,291328.47
13061,930777.44
13062,1783147.4
13063,332336.56
13064,1402002.0
13065,251333.45
13066,1575871.1
13067,1507157.9
13068,2370275.8
13069,1649596.0
13070,3540991.8
13071,297815.25
13072,224447.39
13073,1258086.8
13074,1035000.3
13075,1062539.0
13076,1172330.0
13077,744619.8
13078,216341.52
13079,14931.257
13080,251333.45
13081,2447380.0
13082,734769.44
13083,2081215.0
13084,781827.9
13085,738828.4
13086,1205894.2
13087,539984.5
13088,576592.56
13089,907625.4
13090,122534.07
13091,57623.035
13092,793522.1
13093,933862.7
13094,1818005.4
13095,3111395.2
13096,987430.1
13097,995533.44
13098,843299.94
13099,1001367.75
13100,827589.2
13101,817405.44
13102,3012225.8
13103,744277.4
13104,607573.5
13105,2447380.0
13106,731750.56
13107,1587178.5
13108,69511.74
13109,1513353.4
13110,286632.1
13111,242497.39
13112,313251.3
13113,1352302.1
13114,1716828.6
13115,1322215.9
13116,2124926.8
13117,2238079.8
13118,1912043.8
13119,2565245.2
13120,2395678.8
13121,1286201.8
13122,1483650.5
13123,1197796.0
13124,1326910.5
13125,158153.17
13126,2402765.2
13127,862422.44
13128,2590887.5
13129,80930.305
13130,26421.953
13131,1180709.0
13132,770087.56
13133,741646.44
13134,1162742.9
13135,1766794.6
13136,961.14276
13137,1238102.2
13138,819928.94
13139,265496.66
13140,348377.72
13141,348633.84
13142,827589.2
13143,2921483.2
13144,320868.9
13145,1323377.9
13146,239322.42
13147,1313287.2
13148,750020.25
13149,411333.84
13150,298684.53
13151,2360940.2
13152,827589.2
13153,755249.0
13154,1899423.0
13155,465839.62
13156,1970572.5
13157,810045.7
13158,1447974.9
13159,1779540.2
13160,1290918.9
13161,475002.4
13162,1433929.6
13163,1129662.2
13164,1251619.1
13165,1276477.9
13166,1361387.1
13167,2864260.5
13168,3111395.2
13169,3111395.2
13170,937326.5
13171,638120.2
13172,-24454.504
13173,1199401.5
13174,809957.06
13175,316135.1
13176,2890560.5
13177,769798.7
13178,821596.0
13179,437329.7
13180,688815.94
13181,2502699.5
13182,358545.9
13183,1000920.75
13184,708945.2
13185,1761950.1
13186,1444117.1
13187,2437426.0
13188,1653260.0
13189,12025.694
13190,1357714.4
13191,996558.4
13192,827589.2
13193,586330.5
13194,164433.05
13195,1678325.5
13196,1805599.6
13197,1779540.2
13198,1748810.4
13199,768779.9
13200,2071720.8
13201,1257850.8
13202,1676188.6
13203,93319.89
13204,1378217.4
13205,1209089.1
13206,1152540.9
13207,352071.28
13208,2112795.2
13209,495420.2
13210,1178930.0
13211,2191039.5
13212,1430105.8
13213,3123077.5
13214,1342596.0
13215,1335287.5
13216,1414792.6
13217,1235076.8
13218,1035269.3
13219,691967.44
13220,562386.0
13221,134709.2
13222,113721.49
13223,1249830.9
13224,2042426.2
13225,586330.5
13226,661647.0
13227,70363.33
13228,3123077.5
13229,244963.98
13230,1912043.8
13231,2395678.8
13232,1090073.9
13233,2492085.8
13234,322268.03
13235,1236983.6
13236,2045546.4
13237,1226893.0
13238,1495955.4
13239,1926261.5
13240,2363133.0
13241,4133857.8
13242,2904148.5
13243,1202291.0
13244,79742.06
13245,1940564.1
13246,479579.03
13247,1170553.8
13248,4167911.0
13249,3111395.2
13250,2459471.5
13251,890237.75
13252,1335544.9
13253,1673770.8
13254,1215718.9
13255,2001115.5
13256,2769452.8
13257,2141353.0
13258,294446.94
13259,1454327.4
13260,1437421.8
13261,2096912.4
13262,1355439.4
13263,2015511.8
13264,1073650.5
13265,1287010.8
13266,1216471.0
13267,801936.1
13268,415676.12
13269,303726.4
13270,843306.5
13271,260122.02
13272,1213983.1
13273,1178888.9
13274,1103965.8
13275,1358503.0
13276,233657.55
13277,1890989.1
13278,113006.37
13279,728456.4
13280,1181747.2
13281,1472009.8
13282,2311382.0
13283,664712.94
13284,1621835.1
13285,436733.1
13286,1194560.6
13287,743039.9
13288,2122202.8
13289,2205436.0
13290,1006372.25
13291,1178888.9
13292,927136.25
13293,369753.25
13294,251333.45
13295,1178888.9
13296,1216471.0
13297,3111395.2
13298,1217274.0
13299,129495.09
13300,754307.6
13301,1512418.2
13302,985350.2
13303,171395.81
13304,1114113.6
13305,1697555.0
13306,261984.89
13307,360796.56
13308,352071.28
13309,368982.75
13310,1632642.1
13311,1468475.9
13312,-23306.848
13313,369315.62
13314,943617.9
13315,1254552.0
13316,1851866.5
13317,2196166.5
13318,2243288.5
13319,1210124.9
13320,88366.49
13321,52686.152
13322,300911.34
13323,1236946.1
13324,172275.28
13325,1188563.2
13326,1178888.9
13327,121637.086
13328,1200034.2
13329,2237754.2
13330,325531.9
13331,2451558.8
13332,1401266.8
13333,1216471.0
13334,1562404.1
13335,999746.44
13336,1208447.6
13337,1896446.8
13338,1288628.5
13339,1216471.0
13340,207696.25
13341,1554915.8
13342,536304.0
13343,1667700.1
13344,1246101.5
13345,1263972.5
13346,106475.08
13347,1200034.2
13348,1558352.5
13349,1288628.5
13350,2178.3733
13351,2480158.2
13352,84430.6
13353,2565245.2
13354,-22966.621
13355,1065005.1
13356,818077.25
13357,1153818.4
13358,652871.1
13359,865697.1
13360,218142.17
13361,2437157.5
13362,2392465.0
13363,1113214.5
13364,895457.9
13365,871915.0
13366,1216471.0
13367,1659899.0
13368,1216471.0
13369,1121488.5
13370,1912043.8
13371,794751.44
13372,1258614.9
13373,1178888.9
13374,537127.2
13375,1417610.4
13376,930777.44
13377,811908.0
13378,284738.47
13379,1580870.5
13380,672428.75
13381,706507.3
13382,333558.12
13383,254014.39
13384,1419678.2
13385,396350.9
13386,880379.8
13387,251523.06
13388,1913246.5
13389,1521506.5
13390,1426635.1
13391,-31555.0
13392,260068.67
13393,2769840.5
13394,1788028.2
13395,168383.36
13396,1177926.0
13397,1085510.1
13398,1533436.6
13399,1102011.5
13400,1545082.9
13401,1376528.5
13402,1256270.2
13403,182292.64
13404,926613.9
13405,1531628.1
13406,74522.57
13407,1259882.6
13408,438472.3
13409,2217580.2
13410,1335544.9
13411,746172.94
13412,386940.2
13413,827589.2
13414,604786.44
13415,233740.05
13416,431744.3
13417,807166.44
13418,1460807.0
13419,772604.75
13420,1889666.1
13421,266878.9
13422,423069.53
13423,1389846.6
13424,1445287.6
13425,297937.8
13426,3111395.2
13427,2155973.8
13428,3959170.5
13429,1687176.1
13430,1861419.1
13431,326666.06
13432,1216471.0
13433,99424.92
13434,1249082.6
13435,712774.4
13436,774418.1
13437,185013.97
13438,730223.56
13439,2105545.8
13440,1263972.5
13441,943513.0
13442,1543029.4
13443,1199401.5
13444,1005029.56
13445,1369207.5
13446,668642.9
13447,1988472.6
13448,115233.99
13449,1238043.0
13450,1178888.9
13451,67595.38
13452,1981216.9
13453,2086270.1
13454,1946595.1
13455,1236983.6
13456,2393416.5
13457,994238.3
13458,242407.42
13459,522383.38
13460,1795187.8
13461,1225686.6
13462,1474835.5
13463,433928.12
13464,98428.914
13465,415676.12
13466,615076.6
13467,305324.84
13468,183461.05
13469,431069.56
13470,361195.2
13471,2088748.5
13472,712774.4
13473,1194227.8
13474,233420.97
13475,1178888.9
13476,2813318.0
13477,667789.3
13478,664732.8
13479,1121581.2
13480,1559914.9
13481,586330.5
13482,692007.1
13483,1912043.8
13484,1252619.5
13485,459078.12
13486,2290807.5
13487,3395260.2
13488,1238102.2
13489,674872.6
13490,1177926.0
13491,248190.08
13492,170290.61
13493,372419.6
13494,5002924.0
13495,894897.1
13496,450973.84
13497,1011804.1
13498,1216471.0
13499,1311914.9
13500,1271606.8
13501,48949.047
13502,59652.926
13503,1118446.5
13504,1665988.2
13505,908319.0
13506,1511905.0
13507,2188536.2
13508,1437124.4
13509,239034.11
13510,774424.94
13511,1172330.0
13512,1376918.0
13513,1216471.0
13514,1563043.4
13515,2784908.2
13516,1856075.6
13517,117600.76
13518,875252.44
13519,1991996.6
13520,1865810.5
13521,1284485.1
13522,136793.58
13523,315661.72
13524,923242.5
13525,3111395.2
13526,1116124.5
13527,873292.6
13528,781737.94
13529,1565869.4
13530,508323.94
13531,1533436.6
13532,1481743.4
13533,481582.72
13534,1230471.6
13535,1322806.4
13536,36490.516
13537,1783147.4
13538,1301482.0
13539,399357.25
13540,1991996.6
13541,1281697.4
13542,149821.22
13543,1131584.6
13544,2205436.0
13545,943580.0
13546,1124011.4
13547,723580.25
13548,662215.75
13549,1386751.0
13550,1175843.5
13551,351221.22
13552,2203847.0
13553,568555.8
13554,1227189.9
13555,1053337.4
13556,1064813.0
13557,290649.4
13558,2168886.0
13559,273453.56
13560,1498281.8
13561,370566.53
13562,158512.58
13563,1292296.1
13564,3111395.2
13565,1665119.1
13566,700972.4
13567,745011.75
13568,807199.6
13569,861075.06
13570,1368348.8
13571,1093391.9
13572,2452773.2
13573,1726034.4
13574,293580.28
13575,2019405.0
13576,586330.5
13577,829673.2
13578,354662.25
13579,772282.75
13580,105774.49
13581,114708.18
13582,319124.28
13583,1028574.8
13584,15836.122
13585,836850.9
13586,477852.78
13587,1164597.4
13588,1662542.9
13589,1554915.8
13590,1492790.8
13591,1199401.5
13592,1274136.9
13593,1178888.9
13594,1578518.4
13595,1490392.5
13596,1336244.4
13597,899682.06
13598,682241.9
13599,1073718.5
13600,127724.02
13601,289280.9
13602,960144.0
13603,3156406.8
13604,1513353.4
13605,1200034.2
13606,1220718.5
13607,383904.44
13608,1438729.0
13609,1192017.0
13610,1236540.2
13611,1089280.0
13612,1419437.8
13613,410502.34
13614,1937319.1
13615,1859029.1
13616,1715990.1
13617,1866310.4
13618,704100.1
13619,94918.51
13620,533267.44
13621,2007871.8
13622,1152845.5
13623,1803954.1
13624,353543.94
13625,1073650.5
13626,1078184.5
13627,399866.78
13628,4262777.0
13629,1761950.1
13630,1178888.9
13631,750579.2
13632,412955.84
13633,1430741.8
13634,1518618.5
13635,181098.7
13636,2553215.5
13637,1005029.56
13638,2183081.5
13639,2160241.8
13640,233793.83
13641,1405320.2
13642,9190.14
13643,307283.34
13644,1726034.4
13645,2027398.1
13646,2150896.8
13647,878723.56
13648,743416.1
13649,701339.94
13650,500853.72
13651,313913.5
13652,1405493.6
13653,1689677.1
13654,2981201.8
13655,2553794.2
13656,479851.56
13657,338208.88
13658,264305.38
13659,3012225.8
13660,89608.84
13661,172275.28
13662,2117264.2
13663,1453128.8
13664,1900343.1
13665,3890863.2
13666,741646.44
13667,1348816.5
13668,1189612.2
13669,2717.2786
13670,1149066.4
13671,1161291.9
13672,1662542.9
13673,863335.06
13674,1735179.1
13675,2837242.0
13676,2200830.5
13677,68084.664
13678,317423.6
13679,1536442.2
13680,1905338.4
13681,38629.5
13682,310235.6
13683,330867.22
13684,285551.6
13685,1495955.4
13686,2528648.8
13687,2418607.8
13688,2371030.2
13689,1528633.4
13690,695066.1
13691,289280.9
13692,1263972.5
13693,929834.4
13694,1940657.8
13695,259057.33
13696,1047195.3
13697,1311914.9
13698,1598124.4
13699,1369106.4
13700,808610.5
13701,1236983.6
13702,1561218.6
13703,808088.3
13704,10676.667
13705,1304091.4
13706,402717.9
13707,967632.25
13708,469350.16
13709,1996282.6
13710,1306699.2
13711,478599.66
13712,1783777.9
13713,1359832.4
13714,1203520.2
13715,316149.88
13716,-8771.411
13717,1859090.4
13718,721828.6
13719,570987.44
13720,1437804.1
13721,1220178.2
13722,2146264.2
13723,1242440.5
13724,116679.01
13725,827589.2
13726,1196040.5
13727,132838.4
13728,200162.14
13729,602608.5
13730,1665119.1
13731,1040438.3
13732,393450.62
13733,3547772.2
13734,459693.06
13735,1361387.1
13736,1955901.2
13737,1274394.5
13738,1578770.0
13739,21639.277
13740,26421.953
13741,4528270.5
13742,1254385.5
13743,1167735.6
13744,637890.5
13745,1409730.4
13746,985898.6
13747,-30736.334
13748,1691563.2
13749,2347645.5
13750,105774.49
13751,291749.25
13752,434235.6
13753,129495.09
13754,1246957.0
13755,928735.0
13756,12025.694
13757,533030.7
13758,874394.1
13759,212707.66
13760,405442.6
13761,1184567.4
13762,1872002.5
13763,248594.42
13764,542084.25
13765,1890989.1
13766,182064.03
13767,827589.2
13768,1185933.2
13769,1452330.8
13770,1226628.9
13771,298198.1
13772,1236983.6
13773,1299056.4
13774,671540.7
13775,38629.5
13776,2774861.5
13777,127724.02
13778,1871927.6
13779,2097771.8
13780,837650.0
13781,2713342.5
13782,1912043.8
13783,1199401.5
13784,888882.0
13785,105210.18
13786,701599.06
13787,1058267.5
13788,601479.0
13789,2760465.0
13790,4760314.5
13791,1120380.6
13792,930777.44
13793,916098.6
13794,1536656.8
13795,156457.3
13796,1316152.0
13797,178505.9
13798,1166843.2
13799,1379099.5
13800,1311372.1
13801,2921483.2
13802,966661.94
13803,1031174.2
13804,201973.08
13805,297937.8
13806,1245610.0
13807,388106.53
13808,739258.75
13809,1210124.9
13810,1237931.0
13811,1270429.8
13812,199455.89
13813,1020136.7
13814,1556969.2
13815,2208955.0
13816,1249830.9
13817,1093391.9
13818,204603.0
13819,1885700.8
13820,1106265.2
13821,187015.89
13822,1012234.4
13823,1266100.2
13824,80930.305
13825,449189.3
13826,309017.66
13827,163007.27
13828,1191380.6
13829,447693.16
13830,2183282.5
13831,2625772.0
13832,342662.75
13833,645943.06
13834,1270974.0
13835,1263972.5
13836,1759017.1
13837,1220670.8
13838,930777.44
13839,964710.6
13840,113721.49
13841,863769.06
13842,257097.17
13843,755098.94
13844,3126742.5
13845,2087423.4
13846,2543045.2
13847,1163315.2
13848,704671.5
13849,547855.7
13850,664515.44
13851,479915.56
13852,1694887.8
13853,801936.1
13854,2543992.2
13855,1461281.2
13856,1832691.4
13857,3012225.8
13858,323127.03
13859,1972587.4
13860,129866.8
13861,1942927.5
13862,2895942.8
13863,2732800.2
13864,411939.1
13865,1248158.2
13866,1299050.5
13867,634470.1
13868,1031174.2
13869,771441.3
13870,1257126.8
13871,349097.75
13872,1178888.9
13873,127724.02
13874,320733.25
13875,1005653.4
13876,266764.38
13877,321798.2
13878,1695599.9
13879,827589.2
13880,366780.56
13881,1665119.1
13882,817649.56
13883,46058.984
13884,1798499.4
13885,1829437.2
13886,1833459.8
13887,371724.8
13888,1211426.1
13889,175593.12
13890,2151750.5
13891,138211.22
13892,1250461.4
13893,2027398.1
13894,761562.3
13895,254306.98
13896,2050355.8
13897,1619120.6
13898,1642062.9
13899,1305538.8
13900,365382.6
13901,1574367.2
13902,300911.34
13903,236856.05
13904,809957.06
13905,728456.4
13906,1542307.4
13907,2223490.8
13908,765181.75
13909,819928.94
13910,1052005.1
13911,226199.7
13912,310902.3
13913,-23306.848
13914,1109912.6
13915,634470.1
13916,322198.6
13917,777202.94
13918,221932.97
13919,253465.84
13920,1674296.2
13921,310240.25
13922,1461728.1
13923,431056.2
13924,1008173.56
13925,1484320.9
13926,1896218.2
13927,724201.25
13928,1500131.8
13929,454417.4
13930,2293179.5
13931,1489119.9
13932,201973.08
13933,2300199.0
13934,2437426.0
13935,1283583.6
13936,507545.16
13937,1409588.2
13938,1309674.6
13939,477602.12
13940,776492.94
13941,347340.38
13942,216053.33
13943,275542.8
13944,1030039.3
13945,24074.352
13946,1198121.6
13947,428564.62
13948,1098866.6
13949,1307375.6
13950,1806184.6
13951,1062399.5
13952,347871.44
13953,823910.0
13954,554799.1
13955,863806.0
13956,255180.95
13957,671540.7
13958,310173.53
13959,2332677.8
13960,415314.97
13961,25079.47
13962,956973.25
13963,453717.3
13964,1511503.0
13965,902866.4
13966,3107924.2
13967,501740.06
13968,5198307.5
13969,985000.7
13970,1281870.1
13971,2134298.8
13972,3752711.2
13973,233515.23
13974,39475.73
13975,29305.11
13976,1609276.8
13977,913645.6
13978,2391708.0
13979,1039152.44
13980,1263395.9
13981,298926.5
13982,1365711.8
13983,763382.5
13984,1008173.56
13985,1091174.8
13986,293343.44
13987,196603.1
13988,2290807.5
13989,226465.7
13990,1483499.9
13991,1292296.1
13992,1224986.1
13993,2289604.8
13994,930777.44
13995,827589.2
13996,1548559.0
13997,1959681.8
13998,177900.2
13999,1527366.0
14000,616228.94
14001,984621.25
14002,2537587.2
14003,2086999.8
14004,981017.0
14005,744994.3
14006,930777.44
14007,1919795.9
14008,1216471.0
14009,301328.8
14010,1947686.4
14011,952448.2
14012,189989.39
14013,1315691.9
14014,1264049.2
14015,1461123.0
14016,1281874.8
14017,271522.88
14018,3887847.2
14019,1262591.6
14020,962351.8
14021,2840462.8
14022,819928.94
14023,1430616.6
14024,1700391.0
14025,706507.3
14026,1082877.1
14027,1259518.6
14028,1613148.4
14029,2257669.8
14030,2506261.5
14031,864327.3
14032,158512.58
14033,1141519.1
14034,311148.4
14035,1215876.2
14036,717308.1
14037,1161612.0
14038,359651.53
14039,295782.75
14040,790546.56
14041,1423025.5
14042,2926449.8
14043,1200034.2
14044,307047.16
14045,3536056.5
14046,1242440.5
14047,1194797.0
14048,435820.16
14049,1400448.8
14050,836690.7
14051,680531.75
14052,789469.4
14053,224447.39
14054,2935879.8
14055,352727.22
14056,1513921.2
14057,667076.9
14058,1353875.1
14059,1215876.2
14060,1043848.6
14061,2042426.2
14062,683597.06
14063,2447337.2
14064,295737.16
14065,2992429.5
14066,2508695.5
14067,945394.5
14068,1876401.0
14069,1801591.2
14070,1290918.9
14071,189989.39
14072,676058.3
14073,304564.56
14074,2255903.2
14075,683434.6
14076,1216471.0
14077,415784.5
14078,2470678.0
14079,2811871.8
14080,950688.44
14081,265732.9
14082,346606.72
14083,4949555.5
14084,1447021.1
14085,2427085.8
14086,1175843.5
14087,3224271.8
14088,1884733.4
14089,390323.28
14090,580772.3
14091,-21477.781
14092,906425.44
14093,1215876.2
14094,2534762.5
14095,1880381.9
14096,2818448.2
14097,660169.7
14098,1020777.25
14099,711197.9
14100,1898936.2
14101,1313287.2
14102,2382079.8
14103,1274394.5
14104,930777.44
14105,774212.56
14106,1215876.2
14107,1039272.25
14108,2935879.8
14109,1057216.1
14110,1861297.6
14111,2487074.0
14112,1261184.8
14113,1076527.6
14114,894463.2
14115,913321.5
14116,1691563.2
14117,724455.4
14118,756314.6
14119,712905.56
14120,1178888.9
14121,473894.2
14122,22684.773
14123,1783147.4
14124,1962898.4
14125,934545.44
14126,254261.0
14127,229888.58
14128,2926449.8
14129,807479.94
14130,1754021.8
14131,2290807.5
14132,97774.01
14133,647771.44
14134,631603.2
14135,966636.75
14136,1295025.8
14137,419737.2
14138,343447.94
14139,2935879.8
14140,1276067.2
14141,1084309.5
14142,1732809.1
14143,2281365.0
14144,1349526.9
14145,4444363.5
14146,788245.44
14147,1295025.8
14148,1600108.9
14149,3837115.2
14150,74522.57
14151,147104.83
14152,1240912.4
14153,1147274.9
14154,1309141.1
14155,1145844.1
14156,1051419.8
14157,313669.9
14158,1736133.9
14159,1194276.6
14160,412955.84
14161,375574.56
14162,1265789.6
14163,1302165.8
14164,222051.56
14165,763591.7
14166,990883.5
14167,1526926.9
14168,1178888.9
14169,1841773.4
14170,768563.8
14171,1981216.9
14172,1456636.9
14173,1112055.1
14174,801936.1
14175,1262633.2
14176,1029740.2
14177,581948.0
14178,2058619.2
14179,705122.6
14180,661955.75
14181,2472667.0
14182,2381173.8
14183,2884394.0
14184,1596413.5
14185,105329.48
14186,607156.5
14187,606800.8
14188,3313058.5
14189,2565022.0
14190,964861.5
14191,1008898.94
14192,2452773.2
14193,1071968.5
14194,935457.0
14195,2108046.2
14196,354944.94
14197,1210118.0
14198,1542686.9
14199,1194989.4
14200,3123438.5
14201,1680682.5
14202,2832746.0
14203,2730827.2
14204,1353564.1
14205,1181439.5
14206,699851.4
14207,893408.4
14208,945060.25
14209,1590638.0
14210,106475.08
14211,88366.49
14212,286455.22
14213,723670.25
14214,301456.3
14215,1913246.5
14216,88366.49
14217,122277.695
14218,264328.22
14219,1318039.8
14220,1314686.9
14221,1256184.1
14222,1423984.5
14223,1637175.6
14224,442941.7
14225,1360200.9
14226,814253.94
14227,1638447.6
14228,185472.33
14229,2183282.5
14230,600088.8
14231,3126742.5
14232,1122227.9
14233,930777.44
14234,1337471.8
14235,1435900.9
14236,300911.34
14237,1696579.4
14238,1276477.9
14239,1889191.8
14240,717665.44
14241,298926.5
14242,371886.6
14243,1226893.0
14244,307837.03
14245,906055.56
14246,522383.38
14247,3012225.8
14248,1913246.5
14249,1420179.2
14250,714393.4
14251,341801.94
14252,235759.33
14253,907260.6
14254,619985.8
14255,1473093.9
14256,1665932.1
14257,997764.25
14258,1787164.5
14259,1245585.4
14260,604826.0
14261,1719220.0
14262,491197.97
14263,1556969.2
14264,818279.25
14265,930777.44
14266,22782.799
14267,697881.1
14268,708383.06
14269,878503.4
14270,1023542.56
14271,1478531.0
14272,1621430.6
14273,1959977.0
14274,1171997.6
14275,3111395.2
14276,1287589.8
14277,207632.45
14278,1309619.6
14279,1375039.5
14280,1536290.5
14281,5006717.5
14282,1959006.2
14283,2395678.8
14284,2447380.0
14285,1738626.2
14286,1812876.4
14287,514422.56
14288,3165058.0
14289,1673770.8
14290,1975796.1
14291,1998217.1
14292,1594600.6
14293,1535966.1
14294,1419678.2
14295,930777.44
14296,1531383.1
14297,2812046.0
14298,1142070.5
14299,1712066.1
14300,827589.2
14301,852807.3
14302,1495955.4
14303,1940564.1
14304,2225555.8
14305,584378.8
14306,2452773.2
14307,2837242.0
14308,2760465.0
14309,1202976.6
14310,2011074.9
14311,1767208.8
14312,1356057.5
14313,1565708.0
14314,2308986.5
14315,1912043.8
14316,816539.56
14317,728456.4
14318,1250461.4
14319,2804051.8
14320,2290807.5
14321,1662720.5
14322,1619583.5
14323,1248254.9
14324,303049.25
14325,2463210.5
14326,1093192.6
14327,1089888.2
14328,172275.28
14329,291518.38
14330,1455848.4
14331,1218342.9
14332,982991.75
14333,972712.56
14334,1302386.8
14335,1865612.2
14336,848600.25
14337,253561.69
14338,74642.22
14339,65345.8
14340,607156.5
14341,3111395.2
14342,738603.7
14343,1131584.6
14344,980884.1
14345,239910.73
14346,134709.2
14347,414472.34
14348,406481.78
14349,1360200.9
14350,48949.047
14351,2441482.2
14352,819928.94
14353,798803.3
14354,397706.22
14355,1348816.5
14356,1484320.9
14357,649465.4
14358,173805.58
14359,1302865.2
14360,2183282.5
14361,1704057.4
14362,842448.7
14363,1321557.5
14364,1694197.9
14365,755571.4
14366,105196.59
14367,1141519.1
14368,3886674.0
14369,593180.6
14370,1406191.8
14371,817603.25
14372,176315.42
14373,355044.2
14374,125435.02
14375,1807776.6
14376,324549.94
14377,2981201.8
14378,83074.055
14379,479330.78
14380,950980.56
14381,667841.3
14382,1386536.9
14383,1194815.0
14384,226533.17
14385,355322.47
14386,1197217.6
14387,692677.25
14388,1626930.2
14389,4745918.5
14390,1931093.4
14391,1820126.2
14392,-22966.621
14393,1874161.5
14394,292895.16
14395,4035820.2
14396,2426837.2
14397,1685561.6
14398,254306.98
14399,234908.64
14400,306622.4
14401,1263012.5
14402,1126755.8
14403,1405320.2
14404,2447337.2
14405,1212016.9
14406,1081961.1
14407,960616.4
14408,25952.318
14409,1053738.0
14410,228953.02
14411,2231253.0
14412,1481091.2
14413,2523190.8
14414,1356057.5
14415,4210334.0
14416,1173340.6
14417,743784.3
14418,1214564.1
14419,882212.44
14420,200558.28
14421,590148.1
14422,272601.25
14423,297291.8
14424,610755.7
14425,1473485.0
14426,1310068.1
14427,1173528.8
14428,779137.4
14429,900899.8
14430,1181662.4
14431,2363133.0
14432,1450506.5
14433,1645428.5
14434,1556969.2
14435,284286.88
14436,1492994.1
14437,1442503.0
14438,3396186.8
14439,227210.36
14440,2543045.2
14441,2152521.8
14442,2161526.0
14443,1236209.4
14444,3709168.5
14445,364085.88
14446,181398.39
14447,288117.88
14448,955260.06
14449,1226945.0
14450,1502546.9
14451,2023400.1
14452,2904148.5
14453,722128.2
14454,52696.824
14455,136832.67
14456,936292.2
14457,1210124.9
14458,210579.27
14459,487638.44
14460,327647.56
14461,769440.5
14462,2077767.2
14463,1447573.9
14464,683187.2
14465,3673302.2
14466,81272.59
14467,1715990.1
14468,1335495.0
14469,1844903.1
14470,900185.2
14471,1525561.1
14472,1258614.9
14473,424420.72
14474,455992.34
14475,1288628.5
14476,110152.664
14477,1569801.5
14478,1205080.0
14479,86362.32
14480,1033479.4
14481,1574367.2
14482,1671746.2
14483,227103.92
14484,2926449.8
14485,404254.94
14486,345073.2
14487,1897958.6
14488,1248524.2
14489,961.14276
14490,1351155.6
14491,647250.75
14492,427308.62
14493,1928188.2
14494,2811871.8
14495,402408.56
14496,69507.91
14497,655106.25
14498,1295025.8
14499,49145.71
14500,2813318.0
14501,838929.9
14502,827589.2
14503,1341901.4
14504,97999.375
14505,662587.1
14506,1284485.1
14507,138211.22
14508,496804.66
14509,1873977.8
14510,944998.8
14511,2427085.8
14512,1690329.8
14513,2141917.5
14514,1119935.2
14515,930777.44
14516,1474703.0
14517,1215711.9
14518,357525.3
14519,1380792.4
14520,165011.42
14521,597690.8
14522,1554915.8
14523,130592.83
14524,841055.4
14525,1348816.5
14526,2255903.2
14527,1269609.1
14528,343096.2
14529,63638.848
14530,1134536.8
14531,1189310.9
14532,1677566.6
14533,202784.11
14534,763719.75
14535,1655571.1
14536,2240651.2
14537,285551.6
14538,971903.7
14539,242728.23
14540,930777.44
14541,1254988.9
14542,1235835.6
14543,126827.05
14544,143786.58
14545,1160020.2
14546,930777.44
14547,2290807.5
14548,802185.1
14549,906162.1
14550,1414784.4
14551,244263.95
14552,828903.7
14553,300034.6
14554,2940846.2
14555,1956305.1
14556,2500976.2
14557,1405243.8
14558,490276.38
14559,1044481.7
14560,264009.66
14561,611039.5
14562,400918.72
14563,981271.6
14564,760018.44
14565,90489.945
14566,298926.5
14567,2191039.5
14568,1802044.5
14569,323033.84
14570,1138249.1
14571,475967.12
14572,1212237.8
14573,1099414.6
14574,1782872.5
14575,1215876.2
14576,2813318.0
14577,1710314.6
14578,1551675.4
14579,1046558.9
14580,2268830.8
14581,1260883.4
14582,724201.25
14583,1116490.0
14584,106475.08
14585,3126742.5
14586,86849.75
14587,479851.56
14588,2168886.0
14589,827589.2
14590,1070048.2
14591,1644817.4
14592,375045.25
14593,1000950.3
14594,2432940.8
14595,943131.25
14596,233515.23
14597,819928.94
14598,115098.836
14599,1469807.8
14600,1043579.56
14601,1060405.9
14602,425526.28
14603,1139741.6
14604,1566770.5
14605,55504.723
14606,414078.9
14607,1202221.1
14608,455186.06
14609,1216471.0
14610,781734.56
14611,1311413.8
14612,3111395.2
14613,1041917.06
14614,387214.97
14615,1320041.6
14616,388489.84
14617,433318.84
14618,1829437.2
14619,496535.53
14620,1102066.4
14621,827589.2
14622,2222674.0
14623,951969.4
14624,1157496.5
14625,965784.5
14626,1920723.4
14627,369670.34
14628,152106.0
14629,2387151.0
14630,12025.694
14631,2290807.5
14632,1142225.5
14633,1886723.4
14634,382520.66
14635,322166.34
14636,97574.984
14637,1286136.6
14638,270150.8
14639,1382513.2
14640,1299816.8
14641,3126742.5
14642,1085114.9
14643,2437426.0
14644,1684237.1
14645,347504.22
14646,166035.94
14647,1655094.0
14648,984409.06
14649,1473485.0
14650,1919082.4
14651,872287.0
14652,133379.78
14653,1719991.1
14654,2875314.2
14655,243891.69
14656,1947476.1
14657,1489391.0
14658,1284485.1
14659,96630.63
14660,88485.77
14661,2858413.2
14662,-17823.475
14663,84430.6
14664,2447337.2
14665,313025.75
14666,651389.8
14667,178129.36
14668,1299469.6
14669,1519748.6
14670,1891326.6
14671,1773842.0
14672,772504.56
14673,2093492.0
14674,2123312.2
14675,741660.8
14676,1931671.8
14677,1303882.4
14678,782083.8
14679,719175.2
14680,1288628.5
14681,1126790.2
14682,656553.1
14683,1246916.4
14684,2175922.5
14685,1655094.0
14686,1418982.1
14687,2537587.2
14688,1184462.5
14689,2168625.5
14690,157976.86
14691,375574.56
14692,249929.78
14693,827589.2
14694,496107.78
14695,300110.06
14696,196704.95
14697,778803.3
14698,682186.9
14699,1035542.94
14700,2215227.0
14701,349821.3
14702,1197178.5
14703,1201170.8
14704,1665119.1
14705,1417171.8
14706,1708594.1
14707,1286136.6
14708,218614.89
14709,1300290.6
14710,706507.3
14711,3685878.5
14712,222517.75
14713,1813992.1
14714,1216471.0
14715,194159.33
14716,206226.22
14717,1384922.5
14718,1409083.5
14719,886503.56
14720,1873486.6
14721,1241333.2
14722,2032353.8
14723,1727627.4
14724,2455185.5
14725,1281977.9
14726,1324459.9
14727,1242212.9
14728,407394.8
14729,1201170.8
14730,1354866.9
14731,1217810.9
14732,1468708.1
14733,950688.44
14734,1061911.0
14735,2083375.5
14736,595601.06
14737,2156314.0
14738,741735.9
14739,1310571.8
14740,726769.7
14741,2072603.5
14742,1424777.4
14743,790700.56
14744,251012.61
14745,444681.88
14746,219118.97
14747,1665988.2
14748,893327.44
14749,771387.75
14750,1181521.5
14751,127723.05
14752,475443.47
14753,995486.06
14754,574493.7
14755,1847087.6
14756,2268830.8
14757,327691.16
14758,291208.8
14759,3550453.0
14760,1531383.1
14761,1537509.2
14762,303357.8
14763,1677997.1
14764,774257.25
14765,1016777.94
14766,394726.84
14767,883523.8
14768,771402.3
14769,794358.9
14770,340374.34
14771,847328.94
14772,250328.16
14773,512632.6
14774,1042305.3
14775,2452773.2
14776,223404.14
14777,97774.01
14778,1943171.8
14779,1731989.2
14780,1910595.8
14781,1131584.6
14782,709865.0
14783,1824404.8
14784,1118628.9
14785,189989.39
14786,180752.92
14787,407574.84
14788,1823368.5
14789,1495955.4
14790,1552979.9
14791,172924.3
14792,1467750.8
14793,2383468.5
14794,1315769.9
14795,1125420.4
14796,1874469.8
14797,494380.16
14798,578612.5
14799,854904.94
14800,819869.7
14801,125817.8
14802,642575.9
14803,1615944.6
14804,507836.56
14805,48949.047
14806,1214564.1
14807,1320659.2
14808,1302865.2
14809,930777.44
14810,1556969.2
14811,227725.86
14812,1494023.1
14813,2212170.2
14814,3543016.2
14815,1578770.0
14816,930777.44
14817,822212.0
14818,3967813.5
14819,1693878.5
14820,2697682.2
14821,685509.4
14822,747998.6
14823,533267.44
14824,-11678.98
14825,235849.23
14826,1520652.8
14827,2712880.8
14828,957298.5
14829,915132.1
14830,822652.25
14831,1302058.9
14832,1178888.9
14833,919151.06
14834,499672.0
14835,397298.66
14836,661647.0
14837,1080610.1
14838,1098448.8
14839,1446352.5
14840,1299642.5
14841,697267.8
14842,3111395.2
14843,1037313.3
14844,1130342.4
14845,1419678.2
14846,1995613.1
14847,1753053.2
14848,3242044.5
14849,452083.28
14850,1303458.1
14851,1176740.6
14852,2172757.0
14853,353385.97
14854,1433398.1
14855,1596413.5
14856,322646.78
14857,1175843.5
14858,843241.25
14859,655106.25
14860,377192.06
14861,1831455.9
14862,244723.08
14863,1400114.9
14864,801012.7
14865,403421.28
14866,696783.7
14867,1258086.8
14868,2807194.0
14869,755249.0
14870,236447.83
14871,138211.22
14872,1380108.0
14873,1263131.8
14874,315112.34
14875,201973.08
14876,996167.1
14877,380099.03
14878,907886.75
14879,1176014.2
14880,363807.7
14881,2527864.0
14882,843053.25
14883,220643.83
14884,101958.766
14885,240667.1
14886,1222144.0
14887,2382079.8
14888,741646.44
14889,1574367.2
14890,744619.8
14891,2017688.6
14892,1109990.5
14893,375659.6
14894,339555.2
14895,801936.1
14896,1167285.1
14897,1127610.8
14898,406106.28
14899,1216471.0
14900,658459.0
14901,230266.73
14902,217670.11
14903,1519748.6
14904,1131584.6
14905,-10951.156
14906,909293.4
14907,677899.94
14908,287362.94
14909,1035392.3
14910,1310033.1
14911,576094.25
14912,878723.56
14913,787728.75
14914,1269973.4
14915,802524.7
14916,293636.0
14917,669192.56
14918,930777.44
14919,448775.0
14920,274128.88
14921,811908.0
14922,3012225.8
14923,875594.5
14924,4262153.5
14925,1792071.6
14926,672528.6
14927,2510131.8
14928,80930.305
14929,3111395.2
14930,2597642.8
14931,1048685.0
14932,1703014.4
14933,756042.7
14934,1888006.1
14935,15836.122
14936,722128.2
14937,1079047.9
14938,1991996.6
14939,1216333.0
14940,1216471.0
14941,1954751.5
14942,1562404.1
14943,1360200.9
14944,265729.7
14945,1779747.2
14946,414694.47
14947,298282.94
14948,717822.1
14949,1147085.1
14950,262610.4
14951,1240614.6
14952,2493824.5
14953,2432940.8
14954,327905.12
14955,743324.0
14956,646571.1
14957,1006372.25
14958,625283.25
14959,1770850.6
14960,1739478.2
14961,1562404.1
14962,1309674.6
14963,819928.94
14964,1091869.0
14965,1913246.5
14966,721513.75
14967,296570.38
14968,1995613.1
14969,60245.957
14970,362920.0
14971,1288628.5
14972,266035.97
14973,1309141.1
14974,1189612.2
14975,845568.94
14976,284678.38
14977,2196166.5
14978,843169.75
14979,2469582.0
14980,1683221.2
14981,3252304.0
14982,1179191.6
14983,2028557.0
14984,1126793.2
14985,1518922.4
14986,319797.72
14987,537201.4
14988,300252.1
14989,3902709.5
14990,1213964.5
14991,201412.14
14992,1541250.4
14993,1588859.0
14994,930777.44
14995,1390131.2
14996,772258.7
14997,1228968.4
14998,108167.73
14999,2007279.9
15000,2961132.2
15001,2510075.0
15002,254220.78
15003,1541584.8
15004,670183.56
15005,1189310.9
15006,1945285.5
15007,945060.25
15008,265729.7
15009,1093217.9
15010,351229.4
15011,1370713.5
15012,1638447.6
15013,395144.97
15014,266986.62
15015,3445.1028
15016,1114220.6
15017,484290.2
15018,1216471.0
15019,3163479.5
15020,1750530.1
15021,1282721.4
15022,3126742.5
15023,237800.39
15024,1178083.1
15025,2220025.2
15026,827589.2
15027,86421.914
15028,1503123.2
15029,78882.54
15030,2698766.0
15031,1715990.1
15032,1223432.1
15033,457675.47
15034,1243301.0
15035,900864.6
15036,1890938.0
15037,1889107.1
15038,1210124.9
15039,48294.14
15040,1211303.0
15041,1226893.0
15042,1166205.0
15043,204456.92
15044,1108196.2
15045,1122085.5
15046,2681562.5
15047,226924.39
15048,1249237.1
15049,276138.9
15050,1299050.5
15051,640992.4
15052,208268.89
15053,23491.004
15054,1237121.5
15055,1239696.5
15056,761722.0
15057,505674.34
15058,1304853.5
15059,811908.0
15060,280509.38
15061,181398.39
15062,304174.0
15063,711437.7
15064,3111395.2
15065,189292.27
15066,906481.0
15067,2543571.5
15068,1222548.6
15069,1300290.6
15070,3111395.2
15071,1922197.5
15072,1610809.8
15073,1694197.9
15074,110461.4
15075,1506033.9
15076,2530326.0
15077,1886295.5
15078,1803887.8
15079,2469582.0
15080,789160.56
15081,566783.8
15082,3989420.0
15083,1888006.1
15084,1360200.9
15085,1461295.8
15086,1879444.9
15087,208806.11
15088,1922338.8
15089,1257411.6
15090,1226298.2
15091,557189.2
15092,1715179.0
15093,893327.44
15094,2528648.8
15095,814058.2
15096,1919394.9
15097,1288628.5
15098,930777.44
15099,1236913.1
15100,702153.44
15101,295844.84
15102,507588.6
15103,976402.75
15104,1609342.5
15105,3776374.2
15106,106086.08
15107,827589.2
15108,1442503.0
15109,1632877.8
15110,1200143.6
15111,902844.06
15112,684278.1
15113,1319480.0
15114,541008.75
15115,781734.56
15116,1460788.2
15117,940755.44
15118,1495955.4
15119,1229635.1
15120,338211.12
15121,2447337.2
15122,1216471.0
15123,333126.5
15124,787308.2
15125,1188296.2
15126,905707.25
15127,1210124.9
15128,823183.1
15129,1287010.8
15130,2437426.0
15131,1226893.0
15132,1032799.06
15133,1057815.2
15134,1462570.6
15135,819928.94
15136,827589.2
15137,1205080.0
15138,974306.25
15139,1062002.5
15140,898757.7
15141,442012.28
15142,1142225.5
15143,1578770.0
15144,206336.58
15145,950348.75
15146,1065022.5
15147,827781.25
15148,295809.1
15149,2041221.2
15150,1308521.4
15151,106708.05
15152,309032.75
15153,1841795.9
15154,1000745.3
15155,292033.78
15156,1287010.8
15157,289888.38
15158,2981201.8
15159,1035528.9
15160,818779.25
15161,1214564.1
15162,2203255.2
15163,2041955.9
15164,827589.2
15165,1912043.8
15166,3773250.2
15167,357376.34
15168,2011753.9
15169,204096.55
15170,1683158.8
15171,199914.61
15172,678865.25
15173,850596.9
15174,271880.0
15175,15181.208
15176,881118.06
15177,753637.9
15178,812639.44
15179,1215876.2
15180,2215957.5
15181,1635610.0
15182,59652.926
15183,1210118.0
15184,1216471.0
15185,2120406.5
15186,277545.3
15187,459693.06
15188,1574367.2
15189,261984.44
15190,1216471.0
15191,1281874.8
15192,1233136.6
15193,122939.17
15194,2093492.0
15195,819928.94
15196,678347.1
15197,1011363.75
15198,1150807.0
15199,342449.22
15200,1769975.1
15201,1151808.8
15202,1131033.6
15203,314160.53
15204,330846.6
15205,347374.5
15206,376493.16
15207,569081.8
15208,745109.75
15209,1720555.2
15210,1564369.2
15211,15181.208
15212,2884394.0
15213,1598792.4
15214,4012405.5
15215,1346666.4
15216,763591.7
15217,1263972.5
15218,863335.06
15219,960272.7
15220,353609.38
15221,1429720.9
15222,634470.1
15223,1084048.6
15224,1262591.6
15225,789469.4
15226,1799595.9
15227,1360200.9
15228,935457.0
15229,390106.62
15230,745878.94
15231,3112240.8
15232,1077772.8
15233,392092.84
15234,789469.4
15235,872337.0
15236,1895872.8
15237,1130342.4
15238,1368271.4
15239,249133.66
15240,570472.75
15241,3111395.2
15242,1940657.8
15243,741600.94
15244,2453995.5
15245,467137.2
15246,1913246.5
15247,2528648.8
15248,104783.56
15249,750020.25
15250,813369.7
15251,492351.5
15252,1366332.2
15253,1404527.5
15254,1960246.0
15255,891722.0
15256,265830.38
15257,15181.208
15258,1434524.4
15259,2926449.8
15260,1380792.4
15261,1044697.3
15262,1842777.8
15263,1133498.2
15264,344705.38
15265,542079.2
15266,2978627.2
15267,191858.98
15268,201396.06
15269,1891269.5
15270,305540.62
15271,1818989.4
15272,67082.414
15273,242961.73
15274,2377316.2
15275,1623313.4
15276,1261184.8
15277,1216471.0
15278,256462.86
15279,1567222.8
15280,1038941.06
15281,1655094.0
15282,1902018.6
15283,266641.97
15284,1020136.7
15285,1890942.1
15286,1891269.5
15287,1207192.9
15288,582045.94
15289,315056.84
15290,1131584.6
15291,1250461.4
15292,2605320.5
15293,1162396.9
15294,312750.47
15295,166237.55
15296,2392195.0
15297,4012851.8
15298,1926261.5
15299,1005029.56
15300,764345.56
15301,4297175.5
15302,300911.34
15303,1287010.8
15304,272476.47
15305,2381074.8
15306,1167285.1
15307,1810067.9
15308,1076626.1
15309,2231253.0
15310,1252501.0
15311,1409328.0
15312,-3849.4333
15313,723429.94
15314,721421.5
15315,2137426.5
15316,375045.25
15317,1074803.1
15318,211670.81
15319,4753358.5
15320,10676.667
15321,174583.86
15322,523414.22
15323,982028.5
15324,1434074.5
15325,169440.42
15326,930777.44
15327,397889.3
15328,1288628.5
15329,1248254.9
15330,212136.92
15331,1484320.9
15332,1589318.0
15333,1130532.6
15334,2156269.5
15335,426244.0
15336,1912043.8
15337,412955.84
15338,954925.3
15339,1176740.6
15340,1783147.4
15341,1334648.1
15342,827589.2
15343,801936.1
15344,1809584.0
15345,322268.03
15346,1171992.8
15347,1214564.1
15348,1417126.8
15349,2585162.5
15350,2151750.5
15351,1874827.6
15352,2204729.8
15353,1519767.4
15354,1974567.5
15355,1147415.0
15356,1018584.94
15357,1546991.4
15358,240500.64
15359,1284485.1
15360,158046.33
15361,2021799.4
15362,178241.42
15363,2992429.5
15364,195414.97
15365,292916.75
15366,394739.72
15367,1099085.2
15368,267386.6
15369,723670.25
15370,1522810.5
15371,2427085.8
15372,1152199.1
15373,1223016.0
15374,827589.2
15375,1094855.9
15376,1637494.9
15377,1425685.8
15378,2274917.0
15379,712774.4
15380,577851.5
15381,1433641.4
15382,455212.66
15383,759632.6
15384,1913246.5
15385,1131470.5
15386,1590120.1
15387,1146484.1
15388,2447380.0
15389,1912527.6
15390,-30391.045
15391,2528672.5
15392,2505474.8
15393,1236983.6
15394,196577.2
15395,1904097.5
15396,1579426.0
15397,2545565.5
15398,1158106.6
15399,1189310.9
15400,841534.6
15401,1619980.8
15402,266673.3
15403,2012627.6
15404,1210124.9
15405,1484320.9
15406,1661252.8
15407,1469204.9
15408,1262591.6
15409,767211.7
15410,1937436.9
15411,1184462.5
15412,871428.8
15413,262196.03
15414,693293.9
15415,3111395.2
15416,1876401.0
15417,1309619.6
15418,189989.39
15419,2605320.5
15420,15836.122
15421,943131.25
15422,2035286.5
15423,1184462.5
15424,967296.2
15425,97774.01
15426,1067819.1
15427,1834522.5
15428,962838.0
15429,2067294.9
15430,2992429.5
15431,259483.95
15432,210252.95
15433,1043970.94
15434,340530.3
15435,2072603.5
15436,815926.9
15437,4522304.5
15438,1617747.1
15439,1204310.2
15440,2268830.8
15441,1288628.5
15442,1331789.0
15443,353069.72
15444,548696.44
15445,893990.44
15446,631774.2
15447,743519.0
15448,1258614.9
15449,2014938.6
15450,1775125.5
15451,2935879.8
15452,1492632.1
15453,689608.8
15454,503002.8
15455,1288628.5
15456,2231253.0
15457,1512215.9
15458,1070244.4
15459,80928.82
15460,1375783.4
15461,277326.5
15462,4395206.5
15463,1524203.1
15464,3688008.2
15465,2992429.5
15466,-37703.105
15467,153302.39
15468,637890.5
15469,283801.84
15470,1131584.6
15471,440015.1
15472,794358.9
15473,1635608.9
15474,896654.75
15475,114135.12
15476,1913246.5
15477,2992429.5
15478,902866.4
15479,827589.2
15480,138211.22
15481,977812.06
15482,271567.53
15483,697288.44
15484,394087.8
15485,1165818.9
15486,190076.42
15487,1114474.9
15488,316336.84
15489,1319318.1
15490,801936.1
15491,2255903.2
15492,307871.78
15493,1737896.8
15494,1548647.1
15495,756524.75
15496,224447.39
15497,1507390.4
15498,115098.836
15499,1502155.5
15500,3111395.2
15501,658502.1
15502,898757.7
15503,246400.4
15504,439080.25
15505,671349.44
15506,1700391.0
15507,1434482.2
15508,142661.47
15509,1767275.5
15510,1571698.2
15511,803877.94
15512,636504.9
15513,-37357.816
15514,762216.0
15515,1200034.2
15516,71428.6
15517,706307.5
15518,2477707.0
15519,2224347.0
15520,209728.03
15521,844725.0
15522,1450362.2
15523,428095.8
15524,388489.84
15525,1995613.1
15526,720353.4
15527,900896.8
15528,325982.78
15529,373974.75
15530,714689.7
15531,211670.81
15532,2226716.5
15533,1235835.6
15534,372874.84
15535,598799.4
15536,1440479.2
15537,1320135.9
15538,1062399.5
15539,2427085.8
15540,142255.78
15541,1010155.2
15542,48493.035
15543,917470.56
15544,1630421.1
15545,140264.89
15546,518037.66
15547,1310061.4
15548,211080.98
15549,1953564.6
15550,248913.77
15551,1182970.9
15552,827589.2
15553,358461.28
15554,1948264.4
15555,930777.44
15556,498911.94
15557,2407813.0
15558,1461123.0
15559,1160064.5
15560,760018.44
15561,2205436.0
15562,527516.44
15563,107897.96
15564,1390131.2
15565,2935879.8
15566,1189693.2
15567,1913246.5
15568,1275482.2
15569,688815.94
15570,2528648.8
15571,691060.1
15572,1821101.0
15573,1303727.2
15574,1607712.9
15575,2926449.8
15576,2105662.2
15577,1753617.2
15578,938460.1
15579,1709244.1
15580,2089199.5
15581,1565064.8
15582,1562404.1
15583,2044637.6
15584,296726.2
15585,271779.38
15586,378989.56
15587,2447380.0
15588,1669093.8
15589,1531628.1
15590,2501470.5
15591,849328.75
15592,1447097.5
15593,1291727.2
15594,2925665.0
15595,1479354.9
15596,80928.82
15597,827589.2
15598,201412.14
15599,228892.14
15600,1053548.6
15601,61925.727
15602,2140049.5
15603,-24454.504
15604,1224986.1
15605,1707744.2
15606,1838630.1
15607,930718.2
15608,921015.7
15609,2427085.8
15610,1286136.6
15611,171500.14
15612,817506.8
15613,1438465.9
15614,1425699.1
15615,2067112.8
15616,315927.03
15617,841672.94
15618,5034654.0
15619,201412.14
15620,1039909.8
15621,1498080.5
15622,1578770.0
15623,1350897.2
15624,196183.02
15625,1518618.5
15626,73688.45
15627,1131584.6
15628,2152805.5
15629,390082.38
15630,1325521.0
15631,945045.06
15632,289633.6
15633,2760465.0
15634,394248.75
15635,763591.7
15636,2241113.0
15637,285495.97
15638,1216471.0
15639,200301.45
15640,299875.16
15641,2926449.8
15642,1498828.4
15643,2437426.0
15644,246646.52
15645,994213.56
15646,592085.5
15647,1697767.8
15648,893327.44
15649,2211378.5
15650,1244786.0
15651,1421291.5
15652,1072507.5
15653,784.94745
15654,1667700.1
15655,1705054.4
15656,1350841.1
15657,1495527.9
15658,1588983.6
15659,1264662.1
15660,1149066.4
15661,51476.125
15662,675074.2
15663,209880.02
15664,1485707.1
15665,1404209.4
15666,2246817.8
15667,260761.48
15668,30638.6
15669,2379087.2
15670,235271.48
15671,2150896.8
15672,785717.94
15673,821185.94
15674,1897666.9
15675,2816232.5
15676,349508.4
15677,777796.2
15678,21089.137
15679,1265901.5
15680,1650946.5
15681,1471573.6
15682,1432712.8
15683,838312.44
15684,218652.64
15685,2935879.8
15686,216810.67
15687,1064123.2
15688,2807344.5
15689,311657.2
15690,394541.34
15691,1744720.6
15692,1651571.9
15693,1311930.6
15694,930777.44
15695,1665988.2
15696,2921483.2
15697,1766947.1
15698,1245589.6
15699,1610970.5
15700,1510017.8
15701,415676.12
15702,417024.75
15703,5058751.5
15704,857032.56
15705,2011753.9
15706,3708860.0
15707,2721430.0
15708,914367.44
15709,2223576.2
15710,166662.3
15711,982905.25
15712,382339.97
15713,600088.8
15714,991506.44
15715,827589.2
15716,1913534.9
15717,122881.305
15718,2353179.0
15719,413753.66
15720,1166843.2
15721,3756910.2
15722,637593.1
15723,684278.1
15724,755264.56
15725,1553217.8
15726,46058.984
15727,2876164.0
15728,2096796.2
15729,443411.44
15730,1433641.4
15731,1252501.0
15732,926069.06
15733,2181770.0
15734,434977.7
15735,789469.4
15736,1349907.8
15737,2201118.8
15738,798803.3
15739,1134670.1
15740,226483.23
15741,-13053.551
15742,1001338.0
15743,1181444.4
15744,752544.6
15745,1141345.9
15746,726352.7
15747,4360940.5
15748,1362521.8
15749,1160020.2
15750,557227.2
15751,796266.6
15752,2767918.0
15753,290649.4
15754,2231253.0
15755,337544.28
15756,1574367.2
15757,1565708.0
15758,905756.06
15759,158853.08
15760,1200371.5
15761,1904635.5
15762,930839.6
15763,1942932.8
15764,2205436.0
15765,1315906.8
15766,385218.34
15767,1889039.2
15768,321130.12
15769,1088203.1
15770,810434.4
15771,2895271.5
15772,2268830.8
15773,1093262.2
15774,3478426.8
15775,1048643.4
15776,1021403.7
15777,996550.25
15778,1268635.9
15779,1436378.0
15780,1288628.5
15781,4629970.5
15782,1415955.8
15783,5002924.0
15784,4068032.8
15785,1005722.3
15786,1363315.2
15787,3111395.2
15788,1107242.4
15789,2847574.0
15790,1217336.1
15791,98826.86
15792,1236983.6
15793,1672568.0
15794,1913246.5
15795,4547112.0
15796,4771511.0
15797,1483499.9
15798,132624.84
15799,222092.52
15800,781669.5
15801,437542.2
15802,811511.94
15803,1144355.2
15804,1240614.6
15805,1230888.5
15806,111430.51
15807,118445.14
15808,1344115.2
15809,860489.3
15810,757947.9
15811,1189612.2
15812,2278393.0
15813,1248709.8
15814,373734.38
15815,691060.1
15816,885385.94
15817,767072.6
15818,636100.0
15819,144989.08
15820,936110.94
15821,356696.62
15822,765505.25
15823,1705594.9
15824,443574.75
15825,280729.72
15826,114225.35
15827,3536056.5
15828,2778828.2
15829,971299.8
15830,891192.44
15831,194726.27
15832,1174848.6
15833,1258614.9
15834,313736.22
15835,1000226.25
15836,1056658.0
15837,3721146.8
15838,3576876.8
15839,250993.73
15840,1089885.9
15841,1760325.6
15842,3111395.2
15843,1345966.9
15844,1454843.1
15845,2452773.2
15846,3342662.5
15847,726114.8
15848,872475.9
15849,1904097.5
15850,756042.7
15851,589913.6
15852,298282.94
15853,1361736.2
15854,1058067.5
15855,1785531.8
15856,1290701.8
15857,1798539.5
15858,256637.5
15859,415256.8
15860,1348816.5
15861,1287010.8
15862,1330122.2
15863,1835109.8
15864,725891.9
15865,4331981.5
15866,1781894.0
15867,819928.94
15868,1407680.0
15869,647250.75
15870,-22966.621
15871,942974.2
15872,3111395.2
15873,43759.535
15874,930777.44
15875,314659.3
15876,832001.75
15877,591014.0
15878,2168886.0
15879,904226.75
15880,378288.66
15881,1431538.0
15882,745202.1
15883,300911.34
15884,3486328.8
15885,372434.97
15886,1131584.6
15887,251333.45
15888,950980.56
15889,743080.9
15890,827589.2
15891,2014347.4
15892,717065.2
15893,812084.8
15894,1071267.2
15895,1256822.2
15896,984084.7
15897,243219.42
15898,686203.25
15899,1890989.1
15900,384682.38
15901,1163094.5
15902,170290.61
15903,1033762.8
15904,819928.94
15905,824925.4
15906,1254883.6
15907,2523290.8
15908,1210118.0
15909,2278393.0
15910,2921483.2
15911,1012831.4
15912,1523998.2
15913,2156269.5
15914,1912527.6
15915,843956.3
15916,355274.1
15917,2088748.5
15918,167272.7
15919,1250461.4
15920,815926.9
15921,1014498.44
15922,2690585.0
15923,479306.5
15924,1216471.0
15925,1240802.0
15926,1525302.9
15927,650720.25
15928,852089.75
15929,710060.1
15930,2209276.2
15931,907276.6
15932,1531383.1
15933,478699.06
15934,532462.75
15935,1252501.0
15936,333723.97
15937,570472.75
15938,758208.5
15939,2429320.2
15940,1265345.2
15941,2231253.0
15942,1437781.4
15943,596456.2
15944,107295.21
15945,254798.73
15946,1741496.4
15947,1482847.5
15948,1283538.8
15949,492473.12
15950,1262554.5
15951,425618.84
15952,2199031.2
15953,358922.66
15954,2424043.5
15955,907128.1
15956,1094732.8
15957,1183275.1
15958,24644.742
15959,1685188.1
15960,1224986.1
15961,1508414.2
15962,1253041.9
15963,1144487.8
15964,1954751.5
15965,712356.25
15966,1460278.0
15967,122939.17
15968,1154030.1
15969,743058.5
15970,210015.88
15971,1889701.2
15972,996953.5
15973,2695648.5
15974,283090.6
15975,2107888.5
15976,1449695.0
15977,1436496.6
15978,-15935.504
15979,2246817.8
15980,1308091.0
15981,930777.44
15982,807119.9
15983,1507650.5
15984,2366696.5
15985,783332.4
15986,2992429.5
15987,285822.53
15988,1257411.6
15989,211851.5
15990,1912043.8
15991,136859.97
15992,3111395.2
15993,1116490.0
15994,410502.34
15995,1468723.6
15996,1375783.4
15997,744512.2
15998,1287971.9
15999,2096051.0
16000,345603.28
16001,2407813.0
16002,1405511.8
16003,915771.44
16004,1256189.9
16005,258990.05
16006,873604.1
16007,518164.94
16008,838312.44
16009,798803.3
16010,200678.55
16011,927865.5
16012,1252501.0
16013,141845.02
16014,1689661.1
16015,275189.94
16016,1936735.0
16017,1478464.4
16018,420620.22
16019,70363.33
16020,2286808.8
16021,3123077.5
16022,651105.75
16023,193411.7
16024,2097340.0
16025,1216471.0
16026,715473.7
16027,296209.47
16028,1874827.6
16029,373531.9
16030,612681.7
16031,1000920.75
16032,1596069.1
16033,1063409.9
16034,1472422.8
16035,124243.086
16036,1240614.6
16037,1271353.9
16038,239529.02
16039,3027205.0
16040,1390879.2
16041,715910.4
16042,308340.56
16043,2289604.8
16044,2392670.5
16045,1434074.5
16046,1232839.5
16047,1122006.0
16048,801936.1
16049,3117893.0
16050,284582.5
16051,1180490.0
16052,1688618.1
16053,1284485.1
16054,809113.25
16055,1842777.8
16056,2289604.8
16057,1141332.0
16058,2061922.1
16059,775073.1
16060,2180236.5
16061,1202784.8
16062,659648.44
16063,378543.9
16064,362739.3
16065,3536466.2
16066,930777.44
16067,930777.44
16068,411894.47
16069,406983.2
16070,815500.9
16071,1240009.2
16072,1075847.0
16073,1189612.2
16074,781047.56
16075,1309141.1
16076,244284.83
16077,1501693.0
16078,1388084.0
16079,171652.5
16080,472969.88
16081,2791698.5
16082,827589.2
16083,1581554.4
16084,2875314.2
16085,859772.7
16086,1020231.6
16087,1484320.9
16088,1731672.2
16089,3111395.2
16090,1665988.2
16091,3877162.0
16092,358545.9
16093,1043218.44
16094,930777.44
16095,2363133.0
16096,2791698.5
16097,2231253.0
16098,1495955.4
16099,783355.7
16100,1037012.2
16101,201973.08
16102,1583091.2
16103,816444.1
16104,852249.3
16105,284395.12
16106,338979.66
16107,837993.56
16108,1169689.1
16109,1377778.0
16110,1079868.1
16111,472941.1
16112,142108.8
16113,2528648.8
16114,92078.82
16115,-33414.9
16116,917240.3
16117,1991996.6
16118,990928.6
16119,1210124.9
16120,1665988.2
16121,1913246.5
16122,1995613.1
16123,2189446.5
16124,1031174.2
16125,193486.8
16126,1172330.0
16127,694475.6
16128,1873977.8
16129,2231253.0
16130,1210118.0
16131,817506.8
16132,1194560.6
16133,356930.28
16134,930777.44
16135,999657.7
16136,1033787.7
16137,2155229.8
16138,397136.25
16139,1471033.1
16140,1953715.6
16141,1057476.4
16142,1116795.2
16143,1295025.8
16144,1335544.9
16145,1543029.4
16146,2508674.8
16147,4896771.5
16148,135491.64
16149,2636767.0
16150,424919.03
16151,3263754.8
16152,1410349.1
16153,132708.58
16154,2226716.5
16155,1357714.4
16156,2196166.5
16157,2431330.2
16158,1270745.6
16159,1007985.8
16160,383804.62
16161,689170.6
16162,1449858.5
16163,197733.98
16164,582419.44
16165,791599.2
16166,2811871.8
16167,1705602.9
16168,960835.75
16169,244706.84
16170,1721567.9
16171,288493.78
16172,1565708.0
16173,1702752.9
16174,2459471.5
16175,1689520.9
16176,1913246.5
16177,1081492.2
16178,1437804.1
16179,1036063.7
16180,1380328.5
16181,827589.2
16182,1704057.4
16183,289280.9
16184,199828.9
16185,1912043.8
16186,4524534.5
16187,86768.11
16188,1694197.9
16189,711292.06
16190,597924.1
16191,355076.4
16192,1380553.2
16193,770847.75
16194,441377.22
16195,709865.0
16196,1536231.1
16197,259683.36
16198,236447.83
16199,1843833.5
16200,1165818.9
16201,540788.44
16202,1227189.9
16203,401273.97
16204,825908.2
16205,7191.6445
16206,2083375.5
16207,1356267.1
16208,1038295.94
16209,265729.7
16210,913873.06
16211,1216471.0
16212,1319480.0
16213,3111395.2
16214,94998.93
16215,1368360.1
16216,571136.56
16217,2619284.0
16218,1250461.4
16219,701831.6
16220,-46606.176
16221,1253540.5
16222,656199.5
16223,2807344.5
16224,575213.94
16225,751529.1
16226,1936735.0
16227,117377.74
16228,570976.6
16229,1897951.2
16230,1212827.5
16231,943207.2
16232,129974.24
16233,796639.3
16234,1130342.4
16235,507555.28
16236,1105968.5
16237,1672587.8
16238,2041221.2
16239,634239.9
16240,943016.1
16241,794358.9
16242,2523190.8
16243,1859532.4
16244,427267.75
16245,1462570.6
16246,995533.44
16247,1705602.9
16248,303726.4
16249,3500725.2
16250,784407.06
16251,860524.06
16252,356384.44
16253,1200792.8
16254,4131005.8
16255,1876401.0
16256,589600.56
16257,827589.2
16258,1215876.2
16259,1377778.0
16260,766042.25
16261,2837242.0
16262,756738.44
16263,1367554.2
16264,1484123.9
16265,930777.44
16266,2117264.2
16267,1114691.0
16268,2926449.8
16269,1795395.0
16270,2006392.9
16271,313264.8
16272,318915.03
16273,15181.208
16274,930777.44
16275,1131584.6
16276,1483499.9
16277,470833.0
16278,1545082.9
16279,878283.9
16280,1183251.4
16281,1049677.1
16282,1335544.9
16283,1507704.1
16284,3688008.2
16285,1188302.8
16286,1309862.8
16287,1263972.5
16288,2166918.2
16289,1254149.0
16290,1011294.4
16291,854240.56
16292,193486.8
16293,1945861.1
16294,70363.33
16295,1014650.6
16296,246400.4
16297,680699.5
16298,1913246.5
16299,274128.88
16300,1693348.0
16301,411993.03
16302,1796007.8
16303,2049180.4
16304,1320651.5
16305,515287.78
16306,2847748.2
16307,1520652.8
16308,273159.78
16309,1442503.0
16310,1492282.1
16311,1304096.2
16312,772604.75
16313,1601215.1
16314,388106.53
16315,1395170.2
16316,1128457.2
16317,365308.06
16318,2137240.8
16319,930777.44
16320,1354400.0
16321,211803.45
16322,918310.1
16323,1242788.5
16324,1657922.1
16325,863769.06
16326,270309.8
16327,1572494.8
16328,1290366.8
16329,1250461.4
16330,1258086.8
16331,2533461.2
16332,3911496.2
16333,1302490.5
16334,1021403.7
16335,3111395.2
16336,571375.25
16337,1589492.9
16338,250268.89
16339,1565708.0
16340,31015.89
16341,1913246.5
16342,540664.6
16343,2029566.0
16344,930777.44
16345,3403001.8
16346,201412.14
16347,2370054.8
16348,792360.4
16349,1448878.5
16350,203574.2
16351,930777.44
16352,1131584.6
16353,907886.75
16354,1776819.9
16355,1024741.06
16356,2895942.8
16357,40022.92
16358,1230715.4
16359,1875564.0
16360,2003126.4
16361,1902018.6
16362,231216.31
16363,252770.11
16364,1145321.5
16365,130592.83
16366,1665275.4
16367,1258086.8
16368,3111395.2
16369,1263972.5
16370,1455550.5
16371,1569801.5
16372,2380085.2
16373,451067.03
16374,100494.914
16375,349508.4
16376,1587373.2
16377,1719220.0
16378,1913246.5
16379,2382079.8
16380,254306.98
16381,103185.6
16382,1698697.9
16383,523414.22
16384,4534015.0
16385,1535677.0
16386,1545082.9
16387,1513353.4
16388,342007.7
16389,1052202.0
16390,1309619.6
16391,925350.8
16392,1966730.4
16393,2992429.5
16394,1468520.0
16395,1641923.0
16396,2811871.8
16397,1377778.0
16398,474960.06
16399,101925.05
16400,2174387.2
16401,723670.25
16402,1189143.1
16403,416897.16
16404,353937.47
16405,841866.7
16406,264394.84
16407,1427568.2
16408,887012.7
16409,2981201.8
16410,841355.44
16411,2488868.2
16412,-24454.504
16413,2026307.1
16414,768082.1
16415,86635.33
16416,670225.06
16417,4134944.2
16418,1405320.2
16419,1200533.1
16420,2452773.2
16421,2437426.0
16422,1438662.6
16423,819928.94
16424,1405320.2
16425,141549.89
16426,1108569.2
16427,809897.8
16428,709268.4
16429,1324200.0
16430,260887.61
16431,1531383.1
16432,824748.5
16433,793763.3
16434,789419.4
16435,2413460.5
16436,1216688.8
16437,2289604.8
16438,1610809.8
16439,1057975.8
16440,153176.94
16441,531993.7
16442,183160.23
16443,1189693.2
16444,930777.44
16445,30242.045
16446,1221598.5
16447,209497.25
16448,746236.94
16449,1288043.5
16450,796848.94
16451,1298006.1
16452,962301.44
16453,317107.1
16454,295782.75
16455,1520430.1
16456,1260943.5
16457,262704.44
16458,303460.9
16459,1662542.9
16460,292354.34
16461,1360200.9
16462,291362.88
16463,1299050.5
16464,837045.8
16465,136832.67
16466,721820.44
16467,1962399.8
16468,4456966.0
16469,271410.06
16470,2165293.2
16471,368858.62
16472,114464.18
16473,1348816.5
16474,827589.2
16475,554263.25
16476,248190.08
16477,1365687.1
16478,1438929.2
16479,1843833.5
16480,1382707.2
16481,2096169.8
16482,407846.88
16483,960702.25
16484,827589.2
16485,819928.94
16486,477207.34
16487,387421.97
16488,369508.2
16489,1215876.2
16490,1020777.25
16491,1731298.1
16492,2869997.5
16493,917470.56
16494,1674000.8
16495,369599.6
16496,1029104.06
16497,929305.94
16498,219118.97
16499,2265868.0
16500,298198.1
16501,1531383.1
16502,1215876.2
16503,2023710.2
16504,45256.668
16505,325658.47
16506,273180.9
16507,650720.25
16508,464933.03
16509,1216471.0
16510,250077.33
16511,255550.05
16512,1755179.2
16513,2334598.5
16514,1227622.1
16515,1242726.1
16516,775629.3
16517,827589.2
16518,1130342.4
16519,457181.38
16520,119308.75
16521,1336244.4
16522,1522100.4
16523,1300818.6
16524,267929.47
16525,1288628.5
16526,2157458.5
16527,1436378.0
16528,348170.28
16529,1410700.8
16530,825908.2
16531,1236983.6
16532,706507.3
16533,352775.97
16534,1302486.8
16535,1768125.8
16536,1896446.8
16537,1213037.0
16538,693424.0
16539,1214059.8
16540,1093192.6
16541,5020796.5
16542,1703070.0
16543,820678.75
16544,634470.1
16545,1249710.4
16546,971463.56
16547,1746109.8
16548,1405320.2
16549,1143934.2
16550,1288628.5
16551,4786376.5
16552,1533436.6
16553,801936.1
16554,258609.8
16555,1787745.4
16556,1255198.2
16557,801936.1
16558,760078.0
16559,236447.83
16560,1184462.5
16561,20315.943
16562,1131584.6
16563,1889666.1
16564,2813296.5
16565,1507704.1
16566,1205080.0
16567,930777.44
16568,1272519.5
16569,1913246.5
16570,1231938.8
16571,1693951.2
16572,330802.22
16573,3111395.2
16574,2215227.0
16575,162631.34
16576,273453.56
16577,1876873.2
16578,207343.27
16579,1130521.4
16580,167207.55
16581,132838.4
16582,281386.5
16583,23041.312
16584,2134533.5
16585,2058619.2
16586,2494299.0
16587,199410.23
16588,1235076.8
16589,1414792.6
16590,1651571.9
16591,1237606.8
16592,1838630.1
16593,973792.75
16594,1047195.3
16595,320097.53
16596,320868.9
16597,1279843.5
16598,1855458.4
16599,1299050.5
16600,1479232.6
16601,999225.1
16602,1203520.2
16603,819568.25
16604,1342504.8
16605,538363.06
16606,2210017.8
16607,134748.31
16608,1360940.8
16609,2382079.8
16610,1626526.0
16611,740989.3
16612,222857.8
16613,187015.89
16614,1069450.6
16615,776735.2
